Date,Klose,Open,High,Low,Volume
2019-01-02,80.725,79.806,81.224,79.421,4198200
2019-01-03,79.763,80.183,80.944,79.308,3798900
2019-01-04,82.125,80.445,82.615,80.392,4107400
2019-01-07,83.682,81.959,84.688,81.959,4885000
2019-01-08,85.414,84.566,85.616,83.647,4663500
2019-01-09,84.889,85.196,85.93,84.583,5692200
2019-01-10,83.971,84.303,84.452,82.825,4494000
2019-01-11,85.126,83.743,85.397,83.463,3682100
2019-01-14,84.784,84.286,85.029,84.146,2931600
2019-01-15,83.035,83.787,83.787,82.466,4922000
2019-01-16,82.203,82.956,83.455,82.107,4579200
2019-01-17,80.532,81.04,81.119,79.798,6947600
2019-01-18,83.096,81.215,83.14,81.084,7206500
2019-01-22,80.511,82.137,82.137,79.798,5950000
2019-01-23,80.748,80.159,81.109,79.341,4842300
2019-01-24,80.722,80.757,81.047,80.115,4047200
2019-01-25,82.498,81.381,82.533,81.381,4750900
2019-01-28,81.909,81.847,82.093,80.906,3631900
2019-01-29,82.155,81.258,82.243,81.029,3125500
2019-01-30,84.195,82.445,84.767,82.234,4965900
2019-01-31,84.556,83.791,85.725,83.456,5400500
2019-02-01,85.391,84.599,85.435,84.274,5324100
2019-02-04,86.059,85.857,86.182,85.215,2801400
2019-02-05,86.261,85.883,86.683,85.716,3667000
2019-02-06,85.461,86.103,86.376,85.162,2952600
2019-02-07,85.189,84.846,85.417,84.353,3990200
2019-02-08,85.444,84.819,85.602,84.397,6217700
2019-02-11,85.189,85.461,85.681,84.986,3045600
2019-02-12,87.466,85.778,87.835,85.523,3553200
2019-02-13,89.216,87.888,89.48,87.835,6576400
2019-02-14,89.26,88.636,89.656,87.756,3009800
2019-02-15,91.66,90.341,91.889,90.069,4666100
2019-02-19,92.381,91.467,92.953,91.274,3342800
2019-02-20,92.909,92.909,93.129,92.153,3328300
2019-02-21,92.786,92.777,93.516,92.364,3395400
2019-02-22,93.445,93.111,93.516,92.68,2734600
2019-02-25,92.338,94.087,94.087,92.003,4665100
2019-02-26,92.355,90.772,92.399,90.341,7954700
2019-02-27,94.633,95.855,96.655,92.513,8874700
2019-02-28,92.408,94.536,94.536,91.537,8144300
2019-03-01,91.414,93.12,93.296,90.79,4655200
2019-03-04,90.737,92.03,92.232,89.963,4015300
2019-03-05,90.579,90.966,91.23,90.078,3460100
2019-03-06,89.99,90.799,91.045,89.875,2730700
2019-03-07,88.556,89.717,89.744,88.293,4704800
2019-03-08,87.343,87.739,88.425,86.173,6181300
2019-03-11,88.284,87.783,88.548,85.778,4598900
2019-03-12,88.688,88.284,89.022,87.563,4928400
2019-03-13,88.961,88.899,89.62,88.469,6268200
2019-03-14,88.644,88.794,89.04,88.152,5393400
2019-03-15,88.055,88.873,88.943,87.431,6677500
2019-03-18,89.585,87.923,89.673,87.923,4471400
2019-03-19,90.966,90.122,91.757,90.078,5801500
2019-03-20,91.089,91.256,91.784,89.796,4636000
2019-03-21,93.516,91.344,93.815,91.186,4835300
2019-03-22,92.285,93.252,94.114,92.258,4106600
2019-03-25,93.234,92.118,93.912,92.118,3994500
2019-03-26,93.173,93.964,94.281,92.777,4633200
2019-03-27,94.43,93.243,95.002,93.199,4230100
2019-03-28,95.292,94.861,95.749,94.72,4099900
2019-03-29,96.259,95.653,96.673,95.354,5318700
2019-04-01,95.784,96.91,97.789,93.067,10408000
2019-04-02,96.646,95.758,96.752,95.723,3722400
2019-04-03,98.422,97.209,98.669,96.725,4127200
2019-04-04,99.645,98.607,99.671,98.229,3007800
2019-04-05,101.104,99.917,101.342,99.917,3776800
2019-04-08,101.817,101.122,102.151,101.034,4988100
2019-04-09,99.486,101.324,101.351,99.258,3694400
2019-04-10,100.032,100.084,100.111,98.396,4434900
2019-04-11,101.236,100.128,101.315,99.68,2540500
2019-04-12,102.23,101.632,102.714,101.439,3214100
2019-04-15,103.039,102.371,103.25,102.203,3110800
2019-04-16,102.907,103.32,103.707,102.494,2687800
2019-04-17,102.986,103.32,103.962,102.81,3874700
2019-04-18,100.014,102.898,102.942,99.979,6321400
2019-04-22,99.741,99.821,101.395,99.407,4674200
2019-04-23,100.262,99.777,101.322,98.938,4033900
2019-04-24,100.642,100.51,101.393,100.271,2940200
2019-04-25,100.315,100.298,100.801,99.459,4164800
2019-04-26,99.326,100.218,100.554,98.955,4064500
2019-04-29,99.097,98.92,99.353,97.657,3186900
2019-04-30,99.909,98.523,100.05,98.196,3367100
2019-05-01,97.755,99.821,99.821,97.755,2953100
2019-05-02,99.0,97.666,99.053,97.463,3206000
2019-05-03,99.22,99.45,99.9,99.035,2575200
2019-05-06,98.329,98.055,98.611,97.225,2730500
2019-05-07,94.593,97.136,97.136,93.754,4885500
2019-05-08,94.249,94.558,95.114,93.79,3366500
2019-05-09,93.86,93.375,94.046,92.394,2919700
2019-05-10,94.169,93.33,94.717,91.617,3795300
2019-05-13,92.421,92.5,92.739,91.414,4714900
2019-05-14,93.383,92.73,94.099,92.368,2961900
2019-05-15,95.035,93.083,95.414,92.836,5104200
2019-05-16,95.891,95.609,96.783,95.414,2860300
2019-05-17,96.271,95.052,97.172,94.929,3712900
2019-05-20,96.43,95.45,97.26,95.45,4452200
2019-05-21,98.108,95.149,98.646,95.035,6415500
2019-05-22,86.487,89.41,90.522,84.253,22721500
2019-05-23,83.714,85.824,86.098,83.202,12687500
2019-05-24,84.217,84.27,84.562,83.352,7096200
2019-05-28,81.127,84.058,84.491,80.95,11747200
2019-05-29,82.327,81.056,82.796,80.888,9281500
2019-05-30,82.901,82.866,83.652,82.469,5709600
2019-05-31,82.372,81.683,83.06,81.497,6530400
2019-06-03,82.866,82.151,83.943,82.036,8393900
2019-06-04,85.507,83.899,85.701,83.899,5560500
2019-06-05,84.994,86.133,86.133,84.147,5136800
2019-06-06,84.986,85.039,85.454,84.005,4569600
2019-06-07,85.445,85.639,86.204,85.392,3974600
2019-06-10,85.047,86.098,86.911,84.897,5789500
2019-06-11,85.083,85.904,86.213,84.88,3256100
2019-06-12,85.065,84.959,85.692,84.897,2878600
2019-06-13,87.087,85.524,87.131,85.418,3617400
2019-06-14,87.979,87.414,88.297,86.981,4437100
2019-06-17,88.376,88.103,88.968,87.714,4212700
2019-06-18,87.696,88.915,89.692,87.599,3960900
2019-06-19,87.184,87.591,87.714,86.125,5558100
2019-06-20,89.577,88.226,89.922,88.085,5355300
2019-06-21,89.048,89.904,90.92,88.995,7188200
2019-06-24,87.44,88.924,89.224,87.414,4920200
2019-06-25,86.734,87.997,88.474,86.628,4767800
2019-06-26,87.635,87.078,88.332,86.619,4399900
2019-06-27,87.741,87.679,88.27,87.334,3395800
2019-06-28,89.109,87.767,89.348,87.696,4298900
2019-07-01,90.249,90.16,91.635,89.577,4072900
2019-07-02,90.681,90.293,90.911,89.913,2560200
2019-07-03,91.087,90.999,91.511,90.637,1851200
2019-07-05,92.032,90.77,92.165,90.708,2536400
2019-07-08,92.421,91.944,92.88,91.653,3882900
2019-07-09,92.597,91.679,92.862,91.679,3719600
2019-07-10,91.026,92.421,92.421,90.178,4302200
2019-07-11,92.606,91.944,92.836,91.485,2977700
2019-07-12,94.84,93.074,95.158,93.039,4814200
2019-07-15,95.344,95.123,95.644,94.699,4492200
2019-07-16,94.046,94.911,95.565,93.993,4722400
2019-07-17,92.659,93.922,94.231,92.615,5159100
2019-07-18,91.617,91.891,92.103,91.255,5147100
2019-07-19,90.513,92.006,92.112,90.487,4190700
2019-07-22,90.558,90.77,91.185,90.037,4501200
2019-07-23,91.09,90.948,91.898,90.806,5064200
2019-07-24,91.268,90.957,92.324,90.753,5989100
2019-07-25,90.602,90.975,91.863,90.353,4215100
2019-07-26,91.916,90.815,92.244,90.194,4785700
2019-07-29,92.298,92.049,92.679,92.014,3909600
2019-07-30,92.129,91.801,92.537,91.419,3981400
2019-07-31,90.025,91.641,92.156,89.528,5533400
2019-08-01,88.329,90.327,91.419,88.081,5469600
2019-08-02,88.098,88.294,88.906,87.761,3917900
2019-08-05,86.154,86.642,86.704,85.328,4685100
2019-08-06,86.935,86.296,87.086,85.142,4167800
2019-08-07,87.344,86.119,87.681,85.24,3686700
2019-08-08,89.199,88.507,89.208,88.036,3495800
2019-08-09,87.495,89.11,89.448,87.166,5370900
2019-08-12,85.302,86.713,86.918,85.186,2878800
2019-08-13,85.746,84.583,87.353,84.476,5129600
2019-08-14,83.091,84.165,84.627,83.047,5746100
2019-08-15,82.905,83.739,83.952,81.52,4745100
2019-08-16,83.384,83.633,84.325,82.905,4368300
2019-08-19,84.387,84.583,85.257,84.032,7212000
2019-08-20,86.891,85.071,88.001,84.68,9298100
2019-08-21,95.885,97.678,97.873,95.094,19753500
2019-08-22,96.027,96.222,96.426,94.935,7264400
2019-08-23,94.455,95.077,95.742,93.896,5520700
2019-08-26,94.464,95.529,95.529,93.709,4720200
2019-08-27,94.144,95.068,95.467,94.091,3722600
2019-08-28,96.044,93.754,96.399,93.505,4187800
2019-08-29,99.96,97.101,100.199,96.826,5996600
2019-08-30,99.613,100.537,100.537,99.294,4610100
2019-09-03,98.708,98.876,99.897,98.237,3893500
2019-09-04,99.365,99.054,99.471,97.216,4114000
2019-09-05,101.398,100.492,102.321,100.341,3662500
2019-09-06,101.842,101.86,102.454,101.291,3462600
2019-09-09,101.913,102.002,102.454,101.247,3782200
2019-09-10,102.348,101.629,102.952,100.279,4771600
2019-09-11,100.759,102.499,102.694,100.457,4073700
2019-09-12,101.105,101.282,102.224,101.087,3471400
2019-09-13,100.643,101.629,102.232,100.457,3476500
2019-09-16,99.995,100.013,101.114,99.56,2433400
2019-09-17,100.084,99.187,100.217,98.441,2827300
2019-09-18,99.968,99.862,100.448,99.045,2246400
2019-09-19,99.32,100.004,100.217,99.152,2369100
2019-09-20,98.512,100.261,100.492,98.504,6226500
2019-09-23,98.051,97.829,99.454,97.296,5319700
2019-09-24,97.678,98.779,99.631,97.438,3937700
2019-09-25,98.326,97.847,98.77,97.625,2908900
2019-09-26,98.299,98.619,98.921,97.119,3992600
2019-09-27,97.252,98.974,99.294,96.604,3939600
2019-09-30,97.625,97.509,97.927,96.737,4024400
2019-10-01,97.234,97.74,99.374,96.639,3966100
2019-10-02,94.42,97.048,97.048,94.038,5040700
2019-10-03,94.437,94.357,94.73,92.857,5002800
2019-10-04,95.37,94.926,95.698,94.366,4311800
2019-10-07,96.089,95.556,96.737,95.174,3686800
2019-10-08,94.553,94.899,96.089,94.535,3261700
2019-10-09,94.375,95.165,95.583,93.789,3224000
2019-10-10,96.053,94.517,96.328,94.508,3218500
2019-10-11,98.379,97.562,99.125,97.127,4498500
2019-10-14,98.255,98.06,98.761,97.891,2129900
2019-10-15,99.809,99.09,100.324,98.726,3340700
2019-10-16,99.729,99.622,100.128,99.187,2900400
2019-10-17,99.968,100.199,100.696,99.4,2615600
2019-10-18,100.182,99.578,100.43,99.48,3712300
2019-10-21,99.391,100.608,101.043,98.903,2827300
2019-10-22,100.346,99.668,101.292,99.579,3574700
2019-10-23,99.49,99.891,100.168,98.82,2181200
2019-10-24,98.919,99.632,100.748,98.553,2084800
2019-10-25,99.552,98.669,100.417,98.455,2260000
2019-10-28,99.606,99.9,100.364,99.061,2489300
2019-10-29,97.723,99.275,99.498,97.437,3034800
2019-10-30,99.284,98.035,99.445,97.42,3064900
2019-10-31,99.579,100.23,100.81,98.856,3413100
2019-11-01,100.774,99.855,100.792,98.276,2801800
2019-11-04,100.48,100.872,101.39,99.668,2518000
2019-11-05,100.105,100.516,100.596,99.061,2360400
2019-11-06,100.525,100.819,101.542,99.409,3229200
2019-11-07,100.462,101.22,101.854,100.034,2656300
2019-11-08,101.711,100.587,101.774,100.159,2792400
2019-11-11,102.113,101.015,102.148,100.569,2936700
2019-11-12,101.997,102.05,103.085,101.881,4174600
2019-11-13,100.685,100.792,102.077,99.873,4252300
2019-11-14,102.193,101.283,102.461,100.551,2852400
2019-11-15,103.067,102.71,103.228,101.265,3623200
2019-11-18,102.621,103.264,104.209,102.621,5506900
2019-11-19,101.176,102.71,102.71,100.712,7154000
2019-11-20,105.128,105.53,108.153,104.352,16114700
2019-11-21,104.406,106.163,106.172,104.102,5747800
2019-11-22,105.458,104.468,105.458,104.165,4473300
2019-11-25,104.388,106.012,106.306,104.111,4468900
2019-11-26,105.084,104.887,105.583,104.343,4752300
2019-11-27,105.69,105.333,106.136,105.012,2946000
2019-11-29,104.664,105.681,105.949,104.468,1596000
2019-12-02,103.496,104.923,105.182,103.46,3324300
2019-12-03,102.202,102.425,102.835,101.363,5091700
2019-12-04,103.014,102.603,104.798,102.487,4147400
2019-12-05,103.121,103.469,103.745,102.568,2651200
2019-12-06,103.745,103.656,104.673,103.522,2463100
2019-12-09,105.164,103.79,105.574,103.62,2589500
2019-12-10,103.924,105.084,105.155,103.835,2561600
2019-12-11,104.977,103.228,104.985,102.809,3611200
2019-12-12,105.458,104.986,105.985,104.566,2533200
2019-12-13,105.726,104.986,105.824,104.227,3118900
2019-12-16,107.136,106.591,108.108,106.422,3749100
2019-12-17,106.458,107.68,108.367,106.377,3533900
2019-12-18,106.449,106.761,107.234,106.413,3309500
2019-12-19,107.252,106.467,107.573,106.083,4501900
2019-12-20,106.823,106.823,107.314,106.44,5996100
2019-12-23,106.699,107.091,107.582,106.449,3190300
2019-12-24,106.859,106.699,107.18,106.52,1126000
2019-12-26,106.823,107.002,107.332,106.6,1714200
2019-12-27,107.27,106.939,107.671,106.725,2419700
2019-12-30,107.109,107.555,107.733,106.119,2327900
2019-12-31,106.85,106.681,106.913,105.673,2651300
2020-01-02,107.475,107.109,107.475,106.404,2788800
2020-01-03,106.707,105.913,106.904,105.325,2774200
2020-01-06,107.377,105.86,107.412,105.548,3635400
2020-01-07,106.734,107.502,107.653,106.359,4191100
2020-01-08,108.429,107.198,109.5,106.69,4030100
2020-01-09,108.893,108.465,109.634,108.403,2932400
2020-01-10,107.957,108.581,108.813,107.894,2391100
2020-01-13,108.001,107.93,108.59,107.689,3817200
2020-01-14,107.127,107.823,108.563,106.725,3823400
2020-01-15,106.636,107.02,107.234,106.351,3673700
2020-01-16,106.413,107.011,107.109,106.065,3781000
2020-01-17,109.17,106.841,109.286,106.69,5913800
2020-01-21,108.381,108.596,109.116,107.691,3477800
2020-01-22,109.26,108.623,110.147,108.175,4843500
2020-01-23,109.977,108.65,110.362,108.489,3365200
2020-01-24,107.754,109.86,110.12,107.082,3670600
2020-01-27,107.333,105.979,108.319,105.979,3497400
2020-01-28,108.578,107.602,109.053,106.849,3228600
2020-01-29,107.924,108.802,109.708,107.87,2566900
2020-01-30,107.297,107.127,107.879,106.266,3471800
2020-01-31,104.178,107.073,107.252,104.043,4370300
2020-02-03,105.02,104.859,106.849,104.608,3979400
2020-02-04,106.965,106.481,107.826,106.042,4119600
2020-02-05,109.457,108.014,109.654,107.485,3215300
2020-02-06,108.901,109.735,110.12,108.892,2469100
2020-02-07,108.874,109.027,109.304,108.256,2068800
2020-02-10,108.632,108.354,109.179,107.96,2975800
2020-02-11,110.263,108.722,110.407,108.587,2316300
2020-02-12,112.056,111.043,112.208,110.792,2727500
2020-02-13,111.823,111.348,112.271,111.106,2532100
2020-02-14,112.405,112.163,112.531,111.572,2774700
2020-02-18,110.443,111.706,112.844,110.075,3430000
2020-02-19,110.631,110.837,111.563,110.38,3170500
2020-02-20,113.436,110.927,113.579,110.245,4696000
2020-02-21,112.307,112.701,113.104,111.509,3861600
2020-02-24,110.156,109.627,111.509,109.349,5399600
2020-02-25,106.221,111.482,111.482,106.221,6522600
2020-02-26,101.543,107.817,107.951,100.342,12739800
2020-02-27,96.452,98.675,100.862,96.372,8830100
2020-02-28,95.511,93.271,96.049,92.249,9987300
2020-03-02,99.518,96.076,99.643,94.185,8794000
2020-03-03,97.295,99.76,101.301,96.031,8337500
2020-03-04,101.534,99.222,101.767,98.191,5206700
2020-03-05,96.363,98.836,99.697,95.789,6619100
2020-03-06,94.382,93.163,95.045,91.568,7886900
2020-03-09,84.443,87.669,89.462,83.484,8188200
2020-03-10,93.226,88.055,93.334,85.187,9289500
2020-03-11,88.861,89.919,92.59,87.616,6205500
2020-03-12,80.589,81.745,85.052,79.863,9903400
2020-03-13,86.477,83.941,86.54,79.209,10007100
2020-03-16,65.057,76.673,78.51,63.794,14770800
2020-03-17,66.133,65.918,67.773,57.583,15323900
2020-03-18,58.273,61.401,62.844,54.67,11133900
2020-03-19,62.62,57.726,65.613,53.774,12141200
2020-03-20,59.474,64.753,65.407,58.73,11541400
2020-03-23,60.764,58.452,61.939,56.507,9594400
2020-03-24,69.279,65.21,69.539,64.573,9004100
2020-03-25,75.032,71.797,77.963,70.193,9907500
2020-03-26,78.967,77.148,81.503,77.031,10103600
2020-03-27,77.954,75.355,80.41,74.746,6885800
2020-03-30,79.505,78.331,80.249,76.565,5717100
2020-03-31,77.121,78.931,79.711,76.655,5523700
2020-04-01,72.075,72.362,75.212,70.874,8115400
2020-04-02,74.262,71.564,74.629,71.026,8246500
2020-04-03,73.67,73.607,75.499,72.729,6448500
2020-04-06,79.558,78.053,80.096,75.283,9422300
2020-04-07,81.521,85.106,86.2,81.333,7854900
2020-04-08,84.559,81.96,84.936,81.19,4715600
2020-04-09,85.42,86.433,88.189,84.936,6543100
2020-04-13,85.321,85.492,85.895,83.385,5489700
2020-04-14,88.79,87.687,89.462,86.773,5655000
2020-04-15,84.55,85.043,85.949,82.955,7379600
2020-04-16,82.848,84.246,86.11,82.265,9034700
2020-04-17,87.024,86.486,88.431,85.447,7136000
2020-04-20,85.258,85.366,87.66,84.721,5271900
2020-04-21,83.492,83.014,84.465,82.473,5541500
2020-04-22,85.592,84.555,86.566,83.978,4770900
2020-04-23,85.547,85.871,87.134,85.475,4096200
2020-04-24,89.018,86.602,89.838,86.286,5432100
2020-04-27,91.92,89.531,92.822,89.522,5336500
2020-04-28,93.317,95.057,96.067,92.335,5588400
2020-04-29,95.697,96.211,97.176,94.814,5205500
2020-04-30,94.426,94.39,96.202,93.272,4814100
2020-05-01,94.165,92.398,94.372,92.227,3811100
2020-05-04,96.77,93.218,96.797,92.695,4088100
2020-05-05,99.294,98.194,100.682,98.149,5237000
2020-05-06,98.816,99.42,100.538,98.212,4435200
2020-05-07,100.89,100.195,101.98,100.123,3206700
2020-05-08,102.972,102.557,103.332,101.052,3951300
2020-05-11,102.215,101.953,103.441,101.475,3863700
2020-05-12,100.277,103.504,103.711,100.222,3685200
2020-05-13,99.546,100.862,102.215,98.086,6643300
2020-05-14,99.51,96.68,99.537,95.733,6097900
2020-05-15,102.566,97.996,102.909,97.734,8950400
2020-05-18,105.225,106.37,106.731,104.973,7729700
2020-05-19,105.352,104.567,106.911,104.072,7041000
2020-05-20,105.46,110.526,110.598,104.135,19289700
2020-05-21,108.75,107.182,109.3,105.469,9727900
2020-05-22,110.201,109.075,110.463,107.335,6064700
2020-05-26,111.409,112.626,113.438,111.184,7684000
2020-05-27,115.394,112.96,115.799,111.112,7615500
2020-05-28,115.493,116.196,118.45,114.222,7994100
2020-05-29,117.503,115.475,117.665,115.105,7402000
2020-06-01,116.575,117.088,117.314,115.655,5136200
2020-06-02,118.972,118.233,119.405,117.386,6023200
2020-06-03,119.748,119.441,120.244,118.396,4585200
2020-06-04,115.998,118.405,118.873,115.322,7448700
2020-06-05,118.062,117.395,118.441,115.799,5550400
2020-06-08,117.918,117.296,118.305,116.674,4951600
2020-06-09,116.8,116.791,118.477,116.475,4472600
2020-06-10,117.278,117.467,118.305,116.259,3708400
2020-06-11,111.725,114.691,116.115,111.103,5998600
2020-06-12,113.627,114.267,115.736,111.301,4463100
2020-06-15,115.141,111.238,115.358,110.959,5063000
2020-06-16,118.756,118.846,119.126,115.926,5023900
2020-06-17,122.281,120.153,123.299,120.009,7238800
2020-06-18,121.289,121.893,122.632,120.171,3898100
2020-06-19,120.64,123.759,123.759,119.306,6684300
2020-06-22,121.442,119.82,121.713,119.694,3449200
2020-06-23,121.046,122.948,123.236,120.947,3384200
2020-06-24,118.972,120.135,121.199,116.259,4150100
2020-06-25,118.783,118.405,119.0,116.872,4022800
2020-06-26,116.656,119.099,119.748,116.223,5710700
2020-06-29,120.361,117.521,120.379,116.566,3328000
2020-06-30,121.803,121.064,122.542,120.009,4462400
2020-07-01,122.263,122.055,122.858,121.469,4802300
2020-07-02,122.335,123.714,124.561,121.794,3522900
2020-07-06,122.38,123.876,124.625,121.929,3698700
2020-07-07,121.713,121.253,123.281,121.1,2991700
2020-07-08,122.371,122.299,122.921,121.172,2753700
2020-07-09,122.245,122.894,123.444,120.838,3397700
2020-07-10,123.885,122.831,124.075,121.533,3252200
2020-07-13,123.092,124.805,126.914,122.506,4227000
2020-07-14,126.256,122.677,126.355,122.416,4360700
2020-07-15,127.302,128.257,128.311,125.409,3496200
2020-07-16,128.681,127.302,130.655,126.959,4124800
2020-07-17,130.159,130.069,130.376,127.906,3898800
2020-07-20,129.898,129.204,130.448,128.816,2769000
2020-07-21,131.21,130.26,132.043,129.862,2628300
2020-07-22,134.413,131.355,134.965,131.355,4613000
2020-07-23,132.567,135.101,135.418,131.572,3664800
2020-07-24,133.047,132.83,133.581,131.572,3740100
2020-07-27,134.938,133.228,135.219,133.228,2791100
2020-07-28,133.662,135.101,135.535,133.409,3571600
2020-07-29,134.567,133.961,135.563,133.925,2732600
2020-07-30,135.011,133.807,135.644,132.929,2574600
2020-07-31,134.748,135.255,135.662,132.667,3928300
2020-08-03,135.979,135.644,136.956,135.282,3136700
2020-08-04,135.436,135.508,136.404,134.631,2381400
2020-08-05,135.97,135.68,136.151,134.567,3039700
2020-08-06,136.811,135.961,137.762,135.409,2449900
2020-08-07,138.25,137.499,139.463,137.273,2904700
2020-08-10,139.101,138.657,139.997,138.467,3065300
2020-08-11,139.236,140.313,140.639,138.332,3723000
2020-08-12,141.734,141.282,142.956,139.861,3791200
2020-08-13,140.892,141.49,142.205,140.386,2272300
2020-08-14,139.662,140.775,141.236,139.273,3404900
2020-08-17,143.345,142.304,143.625,141.028,5159600
2020-08-18,142.892,144.602,145.326,142.069,5741400
2020-08-19,143.227,145.688,147.399,141.399,9727100
2020-08-20,143.499,141.689,144.023,141.616,4288500
2020-08-21,146.34,143.96,146.666,143.399,4568800
2020-08-24,149.878,148.123,149.896,147.507,4872700
2020-08-25,150.141,150.566,151.507,148.738,3490900
2020-08-26,154.185,151.715,154.285,151.145,5319000
2020-08-27,150.493,154.466,155.027,149.616,4425000
2020-08-28,149.77,150.285,151.018,148.485,3291400
2020-08-31,149.027,150.005,150.548,148.114,3421300
2020-09-01,151.652,148.774,151.697,148.503,4284400
2020-09-02,154.276,151.896,154.584,150.756,4262700
2020-09-03,146.159,153.561,154.267,145.109,5734400
2020-09-04,141.517,147.435,147.652,138.847,6303800
2020-09-08,139.119,139.3,141.942,137.445,4892800
2020-09-09,144.358,141.064,145.86,140.35,4382600
2020-09-10,143.272,144.865,147.435,142.123,4129200
2020-09-11,146.494,145.1,147.127,144.277,4870800
2020-09-14,149.48,147.652,150.032,147.498,3583300
2020-09-15,152.955,151.516,153.724,150.774,3998100
2020-09-16,150.855,154.167,155.389,150.312,3814700
2020-09-17,148.204,147.598,150.141,146.521,3717800
2020-09-18,144.874,146.014,148.267,143.435,5484700
2020-09-21,144.422,142.928,144.44,140.44,3929500
2020-09-22,146.186,144.811,146.403,144.458,3526300
2020-09-23,143.526,146.991,147.417,142.756,3245500
2020-09-24,143.444,143.67,145.553,141.897,3888600
2020-09-25,144.376,142.883,144.964,141.707,2828600
2020-09-28,147.127,146.222,147.589,145.245,2815700
2020-09-29,146.829,147.932,148.376,146.783,2212000
2020-09-30,150.086,147.48,151.679,147.028,4198600
2020-10-01,151.272,151.425,152.276,149.643,2677200
2020-10-02,150.656,148.828,151.534,148.448,2026600
2020-10-05,152.511,152.122,152.9,151.127,2437400
2020-10-06,149.299,152.457,152.91,148.783,2765600
2020-10-07,152.448,151.769,153.661,150.792,2587400
2020-10-08,154.62,153.371,155.289,152.24,3105700
2020-10-09,156.755,155.072,158.357,155.072,4593700
2020-10-12,156.303,158.212,158.212,155.977,3377900
2020-10-13,158.656,156.42,159.208,156.212,2987800
2020-10-14,157.099,158.466,159.171,154.927,3474800
2020-10-15,159.398,155.244,159.624,154.746,3631600
2020-10-16,160.8,159.977,163.488,159.922,3879100
2020-10-19,158.475,161.28,162.8,158.194,4073200
2020-10-20,160.799,159.355,162.779,158.456,3603800
2020-10-21,158.447,160.754,163.087,158.284,3431800
2020-10-22,155.496,158.847,159.128,155.006,3266800
2020-10-23,156.304,155.687,156.332,153.653,2963100
2020-10-26,152.663,154.334,155.478,150.602,4380800
2020-10-27,149.948,153.499,153.862,149.83,4425700
2020-10-28,146.571,146.453,149.34,144.755,4947700
2020-10-29,145.962,147.333,148.959,145.862,3697800
2020-10-30,143.556,145.163,145.917,141.44,3948900
2020-11-02,145.49,145.181,147.742,143.592,2978900
2020-11-03,149.503,147.433,150.248,146.462,2908200
2020-11-04,152.745,150.194,155.669,150.048,5006500
2020-11-05,153.68,155.651,157.594,152.909,4088100
2020-11-06,153.017,153.817,153.916,152.037,2672900
2020-11-09,139.334,153.907,154.588,138.862,10765200
2020-11-10,141.386,141.286,142.866,138.934,5925100
2020-11-11,143.465,143.138,144.936,142.557,4551700
2020-11-12,143.447,144.627,145.281,142.23,3893900
2020-11-13,144.582,143.856,145.263,143.247,4036000
2020-11-16,147.006,144.437,147.097,144.065,5005400
2020-11-17,145.154,145.1,146.643,142.158,5642100
2020-11-18,133.241,136.537,140.115,133.223,18087800
2020-11-19,135.838,134.921,137.336,134.385,9393700
2020-11-20,136.138,135.593,137.073,135.193,6005800
2020-11-23,139.534,136.455,139.96,136.301,6978500
2020-11-24,140.705,140.242,141.649,139.57,7190200
2020-11-25,140.632,141.041,142.067,139.842,5228300
2020-11-27,140.442,141.368,142.893,139.888,2081300
2020-11-30,141.486,140.251,141.522,137.463,7292400
2020-12-01,139.288,141.486,142.357,138.671,6103700
2020-12-02,137.845,138.38,138.925,136.601,5133100
2020-12-03,137.99,138.008,139.061,137.436,4870100
2020-12-04,136.201,137.79,138.38,136.047,4709100
2020-12-07,138.008,136.301,138.544,135.575,7306800
2020-12-08,137.327,138.616,138.952,136.619,6737300
2020-12-09,145.399,144.827,146.171,142.757,11093300
2020-12-10,145.481,144.818,146.598,143.465,6647400
2020-12-11,143.302,145.072,145.381,142.993,5292600
2020-12-14,145.363,144.164,147.497,143.801,4654000
2020-12-15,148.305,146.307,149.177,146.135,4764700
2020-12-16,148.187,149.022,150.902,147.615,4443500
2020-12-17,148.496,149.494,150.194,148.078,4471500
2020-12-18,148.187,148.132,150.112,146.997,11916900
2020-12-21,149.213,147.115,150.602,146.434,5153100
2020-12-22,149.467,148.931,150.602,148.568,3274200
2020-12-23,147.488,149.821,150.393,147.37,3613700
2020-12-24,147.796,147.488,148.187,147.188,1044600
2020-12-28,147.134,148.232,148.759,146.743,2635000
2020-12-29,145.772,147.96,148.278,144.809,3326100
2020-12-30,145.79,145.826,146.816,145.445,3227000
2020-12-31,145.744,145.835,146.062,144.609,2335300
2021-01-04,145.626,145.98,146.534,142.675,7243400
2021-01-05,146.117,144.773,147.17,144.482,3911900
2021-01-06,148.069,143.801,149.957,143.465,4937000
2021-01-07,148.65,148.414,149.676,147.815,4144100
2021-01-08,149.867,148.677,150.956,148.042,4971200
2021-01-11,151.02,149.74,152.001,149.186,3005200
2021-01-12,153.444,150.993,154.579,149.967,4036900
2021-01-13,154.207,154.479,155.896,153.653,3291800
2021-01-14,154.715,154.679,156.704,154.334,4090900
2021-01-15,155.578,152.99,156.186,152.545,3727200
2021-01-19,155.596,157.546,158.375,155.487,4683100
2021-01-20,157.082,156.034,158.594,154.585,3899800
2021-01-21,157.036,158.175,159.524,156.963,5322600
2021-01-22,157.091,156.626,158.658,155.842,3612300
2021-01-25,158.64,157.555,159.596,156.216,4764100
2021-01-26,158.275,158.813,159.369,157.637,2496200
2021-01-27,152.817,155.851,156.599,152.207,4762700
2021-01-28,157.036,153.892,158.303,152.863,3816600
2021-01-29,152.033,156.316,156.544,151.715,4400500
2021-02-01,148.862,152.279,153.254,147.742,3898500
2021-02-02,151.86,149.327,152.89,148.926,3181900
2021-02-03,154.794,151.496,155.104,151.359,2996500
2021-02-04,157.665,155.387,157.765,154.731,2679800
2021-02-05,159.487,159.168,159.642,157.81,2562700
2021-02-08,163.259,160.353,163.296,159.924,3421800
2021-02-09,161.993,162.95,163.524,161.628,2723800
2021-02-10,161.501,163.105,163.105,159.587,2837900
2021-02-11,160.125,161.273,161.865,159.35,2783900
2021-02-12,161.428,160.161,161.893,159.833,2035500
2021-02-16,158.603,160.617,161.555,158.485,2947700
2021-02-17,161.401,158.412,161.71,158.093,2244100
2021-02-18,161.428,160.335,162.239,159.779,2758700
2021-02-19,161.774,161.747,163.196,161.082,2842000
2021-02-22,157.1,160.571,160.817,156.908,3767700
2021-02-23,153.619,155.587,155.733,150.348,5149500
2021-02-24,147.897,153.683,154.548,145.892,9972300
2021-02-25,144.443,148.972,148.981,143.924,6639300
2021-02-26,145.564,146.102,147.997,144.999,6030400
2021-03-01,147.56,146.484,148.981,146.484,3361100
2021-03-02,148.571,148.006,150.156,147.979,4330900
2021-03-03,144.234,147.787,148.37,144.179,5238500
2021-03-04,140.115,143.213,144.225,137.445,7792700
2021-03-05,144.498,141.19,144.963,137.655,5143100
2021-03-08,148.452,145.555,150.621,145.145,4613400
2021-03-09,151.25,151.022,154.193,150.348,4585200
2021-03-10,153.501,152.17,155.268,151.678,3394900
2021-03-11,155.587,155.651,157.756,155.232,4989600
2021-03-12,156.316,154.977,156.571,154.202,3638700
2021-03-15,158.731,157.236,159.742,157.236,3745200
2021-03-16,159.76,158.567,160.845,158.521,3737200
2021-03-17,158.949,159.287,160.298,158.439,3119900
2021-03-18,159.341,157.555,160.945,157.009,3888100
2021-03-19,163.551,158.767,164.517,158.767,8525100
2021-03-22,165.738,163.606,167.296,162.503,4700200
2021-03-23,164.38,165.155,167.478,163.961,3324400
2021-03-24,164.635,165.036,167.797,164.608,3555400
2021-03-25,168.727,163.752,169.638,163.578,4543300
2021-03-26,174.595,169.337,174.813,168.882,4795200
2021-03-29,171.87,174.95,175.779,171.114,3970900
2021-03-30,173.146,170.294,174.057,170.121,3547600
2021-03-31,173.292,174.03,175.114,172.371,3564200
2021-04-01,174.331,174.221,174.841,172.845,3192200
2021-04-05,176.527,174.823,177.383,174.267,3507200
2021-04-06,176.955,175.761,177.656,175.397,2917700
2021-04-07,176.472,176.317,177.456,175.57,3276300
2021-04-08,176.964,177.019,177.784,176.126,2684300
2021-04-09,180.882,178.048,181.028,177.046,3168500
2021-04-12,182.832,180.563,183.133,180.563,3647900
2021-04-13,181.985,182.887,183.351,181.347,2964500
2021-04-14,183.625,183.196,186.049,182.896,3371900
2021-04-15,186.404,182.832,186.86,182.796,3656300
2021-04-16,189.757,188.226,190.422,187.042,6359800
2021-04-19,185.894,187.716,188.882,185.42,3828800
2021-04-20,185.309,185.903,186.433,183.17,3006200
2021-04-21,186.351,186.25,187.283,185.72,2716600
2021-04-22,183.965,186.323,187.21,182.083,3713000
2021-04-23,183.627,184.413,184.505,182.329,3634000
2021-04-26,182.037,183.536,183.627,181.224,3017000
2021-04-27,181.909,182.841,183.81,181.571,3453900
2021-04-28,179.177,182.54,182.631,178.848,4939200
2021-04-29,181.352,180.319,182.256,179.972,3860200
2021-04-30,179.35,180.767,181.187,178.455,4255500
2021-05-03,182.046,181.635,182.85,180.831,4629500
2021-05-04,183.051,181.589,183.225,179.835,4150100
2021-05-05,182.777,184.185,185.61,181.681,3715300
2021-05-06,188.206,183.965,188.315,183.17,4525200
2021-05-07,190.454,188.315,191.222,187.073,3694800
2021-05-10,193.113,191.496,196.687,190.554,4476900
2021-05-11,187.657,190.097,191.605,183.892,4449200
2021-05-12,178.701,185.702,186.405,178.025,5406600
2021-05-13,183.088,180.794,185.29,180.584,4494000
2021-05-14,181.781,184.34,184.806,180.237,3743000
2021-05-17,177.413,180.62,181.589,175.585,5798800
2021-05-18,176.152,177.294,179.122,175.21,5691500
2021-05-19,174.296,173.218,175.146,170.33,6797900
2021-05-20,176.755,175.247,178.107,174.9,4397700
2021-05-21,175.896,177.614,179.003,174.854,4032700
2021-05-24,174.242,176.599,176.855,174.104,3396200
2021-05-25,176.398,174.708,176.682,174.196,4089300
2021-05-26,176.928,176.005,177.522,175.941,3565600
2021-05-27,177.084,177.605,178.774,176.901,5126500
2021-05-28,178.052,180.036,180.803,177.915,3619400
2021-06-01,175.329,178.208,179.213,175.046,4105600
2021-06-02,174.342,175.74,176.545,173.693,3997700
2021-06-03,173.913,173.638,174.397,172.249,3469200
2021-06-04,173.556,173.986,174.909,172.076,4210500
2021-06-07,173.867,173.593,174.653,172.304,2913500
2021-06-08,174.918,174.699,176.097,173.867,3604600
2021-06-09,174.187,175.466,175.923,173.967,3638900
2021-06-10,172.523,174.433,175.146,171.217,3905800
2021-06-11,174.379,173.529,175.183,172.999,3127800
2021-06-14,173.328,173.748,174.095,172.003,3257700
2021-06-15,171.701,173.154,173.319,170.668,4472600
2021-06-16,170.166,171.811,171.993,168.685,4175800
2021-06-17,170.751,170.44,171.957,168.575,4260900
2021-06-18,170.787,168.822,171.719,168.603,9316900
2021-06-21,172.615,171.783,174.132,171.527,4539400
2021-06-22,175.21,173.565,176.088,173.245,3995700
2021-06-23,174.68,174.689,175.622,174.415,2835900
2021-06-24,175.238,176.088,176.462,174.488,2767800
2021-06-25,176.069,175.576,176.252,174.735,4149500
2021-06-28,176.572,176.005,177.449,174.9,2510600
2021-06-29,177.477,176.417,178.985,176.417,2628800
2021-06-30,177.267,177.413,178.445,177.157,2715900
2021-07-01,178.957,177.751,179.213,177.157,2456300
2021-07-02,178.857,179.478,179.597,178.4,2553000
2021-07-06,177.979,178.939,179.469,176.179,2588300
2021-07-07,179.012,176.992,179.542,176.645,3647100
2021-07-08,176.197,176.736,177.431,174.699,3993600
2021-07-09,178.509,177.458,179.807,177.458,2436300
2021-07-12,178.729,178.116,179.506,177.577,2405600
2021-07-13,177.55,179.058,179.259,177.056,3191900
2021-07-14,176.142,178.363,178.573,176.014,2943300
2021-07-15,178.893,175.028,179.058,175.028,3188000
2021-07-16,179.25,179.981,181.735,178.957,4920700
2021-07-19,176.289,175.448,176.992,173.675,5214000
2021-07-20,178.133,175.903,179.326,175.435,2882400
2021-07-21,179.069,178.546,179.345,177.968,2112900
2021-07-22,180.574,179.969,180.749,178.757,3244100
2021-07-23,184.309,181.703,184.842,181.345,3358100
2021-07-26,181.464,180.152,181.62,177.885,3422200
2021-07-27,177.583,181.409,181.446,175.729,4106100
2021-07-28,176.555,177.729,179.308,176.197,2152500
2021-07-29,177.684,177.344,178.326,176.16,2532800
2021-07-30,176.83,176.748,179.225,176.582,2841600
2021-08-02,175.243,177.858,178.234,175.142,3051700
2021-08-03,177.986,175.811,178.592,175.711,2335100
2021-08-04,174.27,177.17,178.289,174.187,3162200
2021-08-05,174.986,175.252,176.729,174.352,2335500
2021-08-06,174.508,175.949,176.748,174.196,2855000
2021-08-09,172.517,174.132,174.508,172.379,2296200
2021-08-10,174.114,172.655,175.151,171.948,2548300
2021-08-11,178.509,175.545,178.684,175.279,3367300
2021-08-12,176.197,178.271,178.877,175.087,2753600
2021-08-13,174.83,176.133,176.518,174.141,2400900
2021-08-16,177.555,174.306,177.931,173.572,3485800
2021-08-17,167.259,172.003,172.389,167.093,8256400
2021-08-18,183.291,173.673,186.952,172.985,16992700
2021-08-19,185.915,182.391,186.585,182.125,5378300
2021-08-20,191.073,186.062,191.697,185.888,4915700
2021-08-23,189.1,191.623,192.247,188.797,4195200
2021-08-24,186.649,189.191,189.458,186.154,4110400
2021-08-25,189.21,186.668,189.806,186.356,2628800
2021-08-26,188.723,188.393,189.944,187.255,3250400
2021-08-27,188.953,188.467,190.449,187.898,3128100
2021-08-30,188.118,191.293,192.174,188.026,3986100
2021-08-31,187.108,189.384,189.586,186.594,4877800
2021-09-01,186.686,187.714,188.164,184.961,2835000
2021-09-02,189.182,186.998,189.623,186.934,2655800
2021-09-03,189.026,188.035,189.806,187.347,2260900
2021-09-07,188.265,188.769,190.183,188.044,2591900
2021-09-08,187.292,187.53,187.595,184.915,3344800
2021-09-09,186.301,187.641,187.87,185.824,2566100
2021-09-10,187.512,187.925,189.577,187.356,2505600
2021-09-13,189.09,188.788,190.183,187.897,3159000
2021-09-14,187.365,189.549,190.339,187.136,2488600
2021-09-15,188.687,187.365,189.237,184.897,2956600
2021-09-16,191.32,188.733,192.101,188.733,3365500
2021-09-17,191.825,190.293,194.532,190.293,5835200
2021-09-20,188.375,189.522,191.302,186.319,3640400
2021-09-21,189.292,189.65,191.091,188.457,2681200
2021-09-22,191.697,190.926,192.972,189.714,3169000
2021-09-23,190.862,192.715,194.23,190.687,3128800
2021-09-24,190.761,190.944,191.614,189.861,2275800
2021-09-27,193.294,190.54,194.78,190.421,2886100
2021-09-28,188.522,191.889,192.22,187.842,4030200
2021-09-29,190.054,189.191,191.201,188.971,2678300
2021-09-30,186.163,189.898,190.384,185.622,3828600
2021-10-01,186.934,186.961,188.503,185.218,3016400
2021-10-04,187.677,186.145,187.751,184.988,5195600
2021-10-05,187.457,188.925,190.651,187.356,3482800
2021-10-06,187.209,186.2,188.301,185.291,3079600
2021-10-07,190.788,188.971,192.357,188.696,3001100
2021-10-08,189.191,188.668,190.66,187.622,3042000
2021-10-11,191.66,190.981,194.312,190.733,3267900
2021-10-12,192.532,192.578,194.303,192.468,2793600
2021-10-13,194.661,193.294,196.047,193.266,3275600
2021-10-14,198.634,196.698,198.735,195.872,3177100
2021-10-15,201.121,200.754,201.883,199.497,2930500
2021-10-18,203.489,200.424,204.379,200.305,2786000
2021-10-19,205.303,204.327,206.096,204.014,2976300
2021-10-20,207.238,206.307,207.505,205.101,2293700
2021-10-21,209.457,207.145,209.678,206.777,2883100
2021-10-22,210.701,209.513,211.705,209.513,2207500
2021-10-25,213.51,210.498,213.841,210.093,3018500
2021-10-26,212.819,214.698,215.214,212.294,2801000
2021-10-27,213.464,213.326,216.402,213.326,2801700
2021-10-28,213.454,214.56,216.144,212.985,2421700
2021-10-29,215.352,212.552,216.199,212.294,3316300
2021-11-01,213.445,216.439,217.267,212.027,3861500
2021-11-02,214.624,213.97,215.646,213.022,2167300
2021-11-03,215.794,214.495,216.144,213.749,2629100
2021-11-04,218.999,216.439,220.058,216.383,2508800
2021-11-05,216.936,220.123,220.371,216.485,2356500
2021-11-08,216.245,217.866,219.275,214.744,2797200
2021-11-09,215.435,216.494,218.529,214.633,2307500
2021-11-10,214.182,214.247,217.157,213.04,2402900
2021-11-11,213.97,215.812,216.19,213.031,1921300
2021-11-12,217.654,215.914,218.023,213.731,2462900
2021-11-15,216.365,217.452,218.419,215.821,2219900
2021-11-16,225.446,221.596,227.233,220.482,5223200
2021-11-17,226.321,230.272,235.061,225.879,6823900
2021-11-18,227.841,226.984,230.254,225.861,3468600
2021-11-19,229.812,228.2,230.935,226.339,3685000
2021-11-22,232.418,230.493,236.139,230.116,4460500
2021-11-23,232.013,231.304,232.713,228.964,2550600
2021-11-24,232.676,229.72,233.394,229.333,1952500
2021-11-26,228.126,229.904,232.197,227.629,1891000
2021-11-29,228.946,230.539,232.547,228.762,3209100
2021-11-30,225.271,228.191,230.659,225.197,6235900
2021-12-01,225.962,228.688,232.437,225.851,4018600
2021-12-02,230.613,227.5,231.801,226.422,3706700
2021-12-03,229.047,232.575,233.8,227.555,3972000
2021-12-06,231.341,232.547,234.242,230.641,3008500
2021-12-07,236.618,233.487,237.198,232.464,3405400
2021-12-08,236.461,236.323,238.202,234.444,3820700
2021-12-09,237.76,235.568,240.219,234.73,3812700
2021-12-10,240.735,238.0,240.827,237.364,2547700
2021-12-13,236.922,242.089,242.512,236.047,3915300
2021-12-14,232.519,235.706,236.535,230.723,5100500
2021-12-15,237.198,229.885,237.935,229.563,4939300
2021-12-16,233.238,238.755,239.003,233.109,4457200
2021-12-17,228.495,232.409,233.284,227.905,10173200
2021-12-20,226.22,225.851,226.514,223.162,3900900
2021-12-21,227.472,228.145,228.789,224.341,2963800
2021-12-22,229.977,227.592,230.208,226.689,1771900
2021-12-23,230.337,230.475,231.829,229.37,2060300
2021-12-27,233.662,231.304,233.735,231.304,1590200
2021-12-28,233.956,233.938,234.758,232.851,1531500
2021-12-29,237.226,234.868,238.119,234.822,1617500
2021-12-30,236.139,237.944,238.773,235.835,1488100
2021-12-31,238.064,235.918,239.252,235.642,1774200
2022-01-03,235.329,238.727,239.648,233.081,5302100
2022-01-04,239.289,235.448,240.228,235.411,3638200
2022-01-05,234.629,238.276,238.948,234.601,3808600
2022-01-06,237.428,237.29,238.036,234.859,3616300
2022-01-07,231.258,235.504,237.051,230.908,4945500
2022-01-10,228.126,228.31,228.504,221.569,6292400
2022-01-11,229.793,228.329,230.208,225.354,3415000
2022-01-12,230.917,231.35,234.592,230.199,2825500
2022-01-13,230.898,233.091,233.708,230.337,2243400
2022-01-14,224.175,227.767,229.056,222.398,3258500
2022-01-18,220.303,221.033,221.403,216.478,4612500
2022-01-19,216.875,221.431,222.844,216.478,4146800
2022-01-20,206.923,218.326,219.546,206.378,5946600
2022-01-21,207.93,205.962,212.393,204.678,5724400
2022-01-24,214.704,203.781,215.036,203.476,4911600
2022-01-25,212.541,210.222,214.325,207.459,4099200
2022-01-26,210.776,214.898,217.152,208.596,4349200
2022-01-27,208.771,213.142,215.461,206.941,3425800
2022-01-28,217.143,210.675,217.282,207.431,3215500
2022-01-31,219.324,216.219,219.564,214.99,4485900
2022-02-01,220.248,220.34,221.292,216.062,2723800
2022-02-02,220.95,220.488,222.429,218.492,2442900
2022-02-03,216.33,218.076,221.301,216.053,2512000
2022-02-04,211.673,216.367,216.367,208.069,3456700
2022-02-07,209.778,213.013,213.438,207.477,2990100
2022-02-08,214.158,209.945,214.953,208.706,2572400
2022-02-09,215.914,216.709,218.52,215.156,2115100
2022-02-10,210.13,213.17,215.175,208.642,3053800
2022-02-14,208.79,206.775,209.778,206.175,2025700
2022-02-15,210.776,210.97,212.587,209.741,1843600
2022-02-16,209.769,209.316,210.841,206.535,2461300
2022-02-17,206.794,208.771,209.963,206.295,2482200
2022-02-18,205.777,206.017,208.577,203.68,4241500
2022-02-22,198.292,201.711,204.631,194.753,7641100
2022-02-23,198.754,205.14,210.453,197.867,8936900
2022-02-24,197.202,193.765,197.987,190.577,5749300
2022-02-25,202.534,197.997,203.005,194.245,4613300
2022-02-28,204.271,200.76,204.493,199.429,5440400
2022-03-01,204.678,204.567,207.394,203.504,3953200
2022-03-02,211.294,203.846,212.541,203.393,4513700
2022-03-03,209.095,211.719,213.197,207.967,3180700
2022-03-04,207.052,207.524,209.473,204.909,3144400
2022-03-07,205.38,207.015,210.665,205.214,4022700
2022-03-08,206.304,205.38,212.181,205.214,3725900
2022-03-09,208.725,210.665,212.791,208.457,3428500
2022-03-10,207.145,206.064,207.348,202.451,3318700
2022-03-11,205.334,206.895,210.277,205.13,2616300
2022-03-14,209.307,206.969,210.416,204.289,3607700
2022-03-15,213.521,210.499,214.704,210.231,3413600
2022-03-16,213.761,215.424,216.626,209.566,3497400
2022-03-17,216.579,212.532,216.607,210.98,3323900
2022-03-18,217.771,214.057,218.317,212.467,9149800
2022-03-21,210.314,218.538,220.266,208.549,4349200
2022-03-22,211.118,210.36,212.412,208.244,3248800
2022-03-23,204.142,209.76,210.638,203.134,3728100
2022-03-24,202.525,204.058,205.103,201.406,3399200
2022-03-25,196.749,203.966,204.179,195.335,6831700
2022-03-28,197.544,195.326,197.655,191.667,6579600
2022-03-29,202.894,201.222,204.53,200.094,4993600
2022-03-30,193.58,199.364,200.658,193.062,7090900
2022-03-31,186.834,191.14,192.887,186.649,7318500
2022-04-01,187.028,188.599,188.655,186.104,4827200
2022-04-04,188.618,186.243,188.747,184.598,5426100
2022-04-05,189.311,187.777,192.332,186.354,4707100
2022-04-06,185.411,185.919,187.444,181.706,6356100
2022-04-07,187.25,183.988,188.691,182.547,4411600
2022-04-08,190.965,185.762,191.944,185.309,5065500
2022-04-11,189.052,189.117,192.619,187.906,3576200
2022-04-12,188.636,193.136,194.596,187.952,4354700
2022-04-13,189.902,188.165,191.14,187.786,2803400
2022-04-14,185.993,190.567,191.556,185.762,4001400
2022-04-18,183.443,185.383,186.659,182.343,3800400
2022-04-19,188.379,183.86,188.815,183.424,3392900
2022-04-20,193.667,190.977,194.892,190.373,3906100
2022-04-21,190.225,195.226,195.625,189.529,3797600
2022-04-22,182.831,189.381,189.557,181.94,4216300
2022-04-25,185.911,182.821,186.245,180.613,3895900
2022-04-26,185.178,184.547,189.613,183.925,3959100
2022-04-27,185.159,184.862,188.768,184.603,3028100
2022-04-28,190.327,187.061,192.192,185.586,3250400
2022-04-29,183.452,188.796,190.364,182.849,4217600
2022-05-02,188.471,183.814,189.872,183.443,3697800
2022-05-03,187.071,187.85,190.132,185.753,3002600
2022-05-04,192.201,186.236,192.943,183.935,4452400
2022-05-05,181.773,189.186,189.835,179.546,4262900
2022-05-06,178.405,180.149,181.337,175.965,3910700
2022-05-09,181.912,175.9,184.139,174.657,3998300
2022-05-10,178.256,183.805,184.668,176.512,3638700
2022-05-11,174.211,178.915,181.096,173.775,4598000
2022-05-12,177.858,174.211,180.771,173.71,4292900
2022-05-13,179.991,177.459,183.155,176.605,2911900
2022-05-16,180.669,178.665,182.051,175.816,4405300
2022-05-17,180.019,184.556,185.066,174.304,8210000
2022-05-18,170.547,173.961,177.635,166.78,7847600
2022-05-19,174.295,169.489,177.96,169.489,5132100
2022-05-20,171.354,175.288,175.594,166.279,5722600
2022-05-23,172.801,173.033,173.339,168.292,3546700
2022-05-24,171.289,171.623,174.239,169.22,4486500
2022-05-25,174.935,169.415,176.178,169.099,3986300
2022-05-26,181.411,176.809,182.821,176.54,3337900
2022-05-27,185.215,182.515,185.243,181.726,2779200
2022-05-31,181.198,183.332,184.398,180.353,4733900
2022-06-01,177.876,182.209,182.905,177.802,3290200
2022-06-02,181.968,178.655,182.051,177.904,3359200
2022-06-03,181.337,179.964,183.656,179.296,2262700
2022-06-06,182.561,181.847,184.426,180.177,2691600
2022-06-07,181.522,176.605,182.033,175.362,3269700
2022-06-08,178.553,179.899,180.65,177.561,2775700
2022-06-09,180.251,178.238,184.389,178.043,2999500
2022-06-10,172.875,175.631,178.359,172.708,3564600
2022-06-13,168.171,169.164,171.177,167.104,3899300
2022-06-14,165.091,167.772,169.656,163.69,4037200
2022-06-15,166.084,166.446,167.949,163.57,4164200
2022-06-16,159.218,161.9,162.299,158.17,5536300
2022-06-17,160.016,158.597,162.623,157.854,8499000
2022-06-21,159.933,163.375,163.681,159.014,4753300
2022-06-22,161.064,158.968,162.707,157.836,4434100
2022-06-23,163.597,161.918,163.699,161.065,3611500
2022-06-24,169.637,164.924,169.73,164.34,5346100
2022-06-27,170.918,169.786,171.938,168.979,2829200
2022-06-28,162.104,171.159,172.207,161.964,4980300
2022-06-29,163.384,162.336,164.581,161.584,2802600
2022-06-30,162.057,159.617,163.365,158.43,4415400
2022-07-01,164.553,163.134,165.694,162.029,3095500
2022-07-05,166.891,162.41,166.947,161.881,3226300
2022-07-06,166.13,167.726,169.739,164.627,2177600
2022-07-07,168.459,166.882,168.932,165.917,2935600
2022-07-08,168.515,167.837,169.749,166.464,2024700
2022-07-11,167.104,168.134,169.786,166.687,2285100
2022-07-12,167.93,168.849,172.012,167.095,3184700
2022-07-13,169.201,165.861,170.5,164.729,2935400
2022-07-14,169.47,166.455,169.739,165.787,3261900
2022-07-15,171.641,172.3,172.699,170.676,2901400
2022-07-18,172.374,173.135,175.427,171.818,2965800
2022-07-19,176.144,174.082,176.872,172.449,2683900
2022-07-20,178.243,175.78,178.626,175.407,2427300
2022-07-21,180.604,178.439,180.809,176.741,3266100
2022-07-22,182.489,181.78,185.792,181.238,3329500
2022-07-25,181.761,182.601,182.741,180.24,2492200
2022-07-26,175.976,175.584,178.187,175.052,3647200
2022-07-27,177.208,176.069,178.113,171.404,3713900
2022-07-28,178.029,174.94,178.887,171.441,6034600
2022-07-29,178.71,177.105,179.606,176.088,4507100
2022-08-01,181.098,178.728,182.19,178.477,3349500
2022-08-02,175.369,180.333,180.455,175.295,3401800
2022-08-03,182.339,176.937,182.862,176.937,3292700
2022-08-04,183.963,182.657,185.726,182.339,3534100
2022-08-05,185.754,182.778,185.894,182.255,2409700
2022-08-08,188.33,186.613,190.634,186.408,3040800
2022-08-09,182.134,187.313,187.313,180.753,3914500
2022-08-10,187.947,185.932,188.162,185.307,4094400
2022-08-11,188.647,186.706,190.616,186.678,3337200
2022-08-12,192.65,189.739,192.771,188.227,3014100
2022-08-15,194.115,192.211,195.029,191.185,4075500
2022-08-16,199.788,192.827,202.839,192.678,5892200
2022-08-17,200.954,197.819,206.384,197.343,8082100
2022-08-18,201.98,200.711,203.492,200.208,3011800
2022-08-19,197.212,201.075,201.393,195.804,3347300
2022-08-22,195.934,195.206,198.351,194.525,4136600
2022-08-23,193.583,195.944,197.212,193.406,2533900
2022-08-24,194.46,192.967,196.457,192.006,2634300
2022-08-25,196.839,194.628,197.035,194.031,2634700
2022-08-26,187.537,197.558,198.397,187.49,3720500
2022-08-29,187.611,186.725,189.981,185.754,3273800
2022-08-30,184.019,188.908,189.692,183.263,3906900
2022-08-31,181.145,183.907,184.215,181.014,5145100
2022-09-01,182.657,180.819,182.834,179.718,3462200
2022-09-02,182.423,184.187,185.708,181.285,3165900
2022-09-06,180.044,183.039,183.636,178.449,3128800
2022-09-07,187.826,180.744,188.423,180.623,4086500
2022-09-08,190.7,187.219,190.821,185.428,3564200
2022-09-09,191.885,190.326,192.706,189.711,3176400
2022-09-12,192.584,192.211,195.402,191.745,3218700
2022-09-13,180.669,187.789,189.309,180.035,4441400
2022-09-14,179.512,181.528,182.153,177.478,3963700
2022-09-15,178.253,180.38,181.472,177.292,3309700
2022-09-16,178.971,176.349,180.147,176.116,10187800
2022-09-19,182.041,178.131,182.787,177.907,3351900
2022-09-20,177.665,179.727,181.182,176.051,3650200
2022-09-21,175.752,179.064,181.77,175.715,2925700
2022-09-22,175.528,175.416,177.077,174.026,2864500
2022-09-23,175.537,174.25,176.498,173.139,3382500
2022-09-26,173.569,175.472,177.282,173.261,2938700
2022-09-27,175.108,175.36,178.085,173.746,3866500
2022-09-28,181.509,179.568,182.386,177.413,5384900
2022-09-29,177.711,179.148,179.55,176.172,3622800
2022-09-30,175.239,176.75,178.299,173.513,6049000
2022-10-03,180.94,178.784,182.694,178.243,4346500
2022-10-04,184.206,183.786,186.296,183.189,4139100
2022-10-05,185.708,182.246,186.911,181.014,3196100
2022-10-06,186.594,185.167,188.75,185.045,3304900
2022-10-07,184.01,184.765,185.223,182.265,3466800
2022-10-10,181.854,182.834,183.776,179.811,2449700
2022-10-11,183.282,181.892,185.092,180.986,2766000
2022-10-12,180.893,184.551,185.101,180.809,2353900
2022-10-13,180.231,177.124,181.882,173.065,4851100
2022-10-14,176.312,181.798,183.776,176.097,4142800
2022-10-17,181.098,179.382,182.153,179.232,3504800
2022-10-18,181.249,184.063,186.286,180.648,3804300
2022-10-19,172.561,175.695,176.811,169.072,5362300
2022-10-20,167.27,172.045,173.931,166.492,4095600
2022-10-21,171.089,167.12,171.37,165.582,3583600
2022-10-24,176.004,172.224,176.849,172.224,3704900
2022-10-25,181.858,178.153,183.012,177.205,3245700
2022-10-26,181.577,182.215,183.509,179.447,2567200
2022-10-27,181.68,183.162,184.326,180.62,2457600
2022-10-28,186.436,181.53,187.384,180.92,3292200
2022-10-31,182.89,184.804,185.723,182.337,3550200
2022-11-01,181.577,185.752,187.384,180.385,3260100
2022-11-02,174.222,181.239,182.637,174.053,4539400
2022-11-03,168.696,169.663,171.548,167.655,4187500
2022-11-04,170.882,171.473,176.23,167.27,4623400
2022-11-07,175.019,172.214,176.183,169.841,2715300
2022-11-08,176.708,176.427,178.256,174.288,2880800
2022-11-09,175.085,175.723,179.438,174.785,3007200
2022-11-10,191.681,183.228,192.075,183.219,4837200
2022-11-11,196.09,192.403,198.191,191.859,4272500
2022-11-14,192.0,195.536,197.45,191.596,4165000
2022-11-15,195.921,193.96,198.182,191.212,5127800
2022-11-16,201.822,198.97,207.723,198.51,8173100
2022-11-17,195.508,199.355,199.814,192.666,3507800
2022-11-18,196.944,198.717,198.735,193.641,2912500
2022-11-21,197.263,197.131,197.769,195.349,2326400
2022-11-22,201.203,198.557,202.197,198.013,2845700
2022-11-23,197.966,201.916,202.357,197.028,2593800
2022-11-25,197.919,198.285,198.726,197.019,975700
2022-11-28,196.109,197.375,198.388,195.621,2202300
2022-11-29,194.636,195.133,195.743,193.838,1980900
2022-11-30,199.402,193.36,199.796,190.677,4701600
2022-12-01,202.15,201.503,203.314,199.552,2735100
2022-12-02,201.55,199.261,203.201,198.417,3242300
2022-12-05,193.426,197.863,198.52,192.694,3308400
2022-12-06,189.42,192.516,192.985,186.69,3627500
2022-12-07,194.092,190.217,197.0,189.748,3999300
2022-12-08,190.968,192.319,193.641,189.936,3150200
2022-12-09,189.288,188.566,191.953,187.816,3226900
2022-12-12,192.394,189.776,192.412,188.604,2719800
2022-12-13,198.154,203.304,204.355,195.996,4168600
2022-12-14,198.989,197.901,203.229,197.066,3727700
2022-12-15,195.152,195.705,196.747,192.778,3373900
2022-12-16,193.388,193.594,194.533,190.743,9543500
2022-12-19,190.602,192.647,193.2,189.495,2442400
2022-12-20,188.435,188.744,189.626,185.461,2372200
2022-12-21,189.908,190.377,191.024,187.881,2345400
2022-12-22,186.83,186.239,187.844,183.191,2414800
2022-12-23,189.392,186.146,189.804,184.832,1469200
2022-12-27,189.232,189.213,191.371,188.857,2076600
2022-12-28,187.684,189.467,190.911,187.281,1419900
2022-12-29,189.748,189.204,190.555,188.847,1270900
2022-12-30,186.915,187.656,188.097,185.01,2154600
2023-01-03,186.727,189.026,189.786,184.945,2602000
2023-01-04,188.932,188.969,189.833,185.292,2507400
2023-01-05,188.35,186.971,188.979,185.264,1942300
2023-01-06,188.538,188.313,189.307,182.421,3121400
2023-01-09,187.103,189.898,191.502,187.009,2748500
2023-01-10,188.941,187.553,189.195,186.258,2200800
2023-01-11,195.687,189.654,195.808,189.645,2781000
2023-01-12,197.253,197.253,198.482,193.81,2690200
2023-01-13,199.036,194.955,200.349,194.955,3875900
2023-01-17,196.559,199.045,201.681,196.306,2943800
2023-01-18,195.602,197.685,200.931,195.236,3575000
2023-01-19,189.626,194.673,195.039,188.744,3508800
2023-01-20,191.878,188.904,192.309,186.38,3517600
2023-01-23,192.422,190.93,194.11,189.307,3473500
2023-01-24,194.638,191.055,194.798,191.055,2862500
2023-01-25,194.355,192.856,194.525,190.328,2283400
2023-01-26,190.3,192.695,196.863,190.14,3426100
2023-01-27,190.941,189.961,191.818,189.008,2907900
2023-01-30,190.394,190.451,192.893,189.678,2786300
2023-01-31,196.373,191.658,196.448,190.951,3415800
2023-02-01,201.38,195.628,202.87,192.733,3363900
2023-02-02,208.924,203.728,210.574,203.662,4156800
2023-02-03,203.653,204.756,205.935,202.568,3047900
2023-02-06,203.558,202.031,204.473,201.851,2380600
2023-02-07,202.483,200.748,203.275,198.419,2552300
2023-02-08,200.626,201.993,201.993,199.032,2421100
2023-02-09,196.741,202.521,202.964,196.099,2386700
2023-02-10,196.873,195.628,197.014,194.562,1836300
2023-02-13,201.927,197.363,202.078,195.6,2364000
2023-02-14,201.569,199.937,202.851,199.098,2316600
2023-02-15,202.766,200.239,203.209,199.221,1849900
2023-02-16,201.804,198.212,203.747,197.665,2479000
2023-02-17,200.616,201.078,201.521,196.986,3462000
2023-02-21,190.338,193.563,195.1,189.744,3942900
2023-02-22,191.073,189.734,192.78,188.65,2667400
2023-02-23,190.677,191.007,192.13,187.773,2332200
2023-02-24,190.046,188.395,191.036,187.141,2163500
2023-02-27,192.592,192.676,194.713,191.837,2764800
2023-02-28,194.015,192.346,196.401,191.705,4391400
2023-03-01,183.228,193.723,193.912,180.361,9814300
2023-03-02,183.973,181.672,184.303,181.078,4096900
2023-03-03,188.339,184.614,189.112,183.935,3483200
2023-03-06,190.074,188.876,192.092,188.65,3160900
2023-03-07,186.151,190.941,190.941,186.01,3320200
2023-03-08,189.668,186.915,190.555,186.415,2670400
2023-03-09,187.698,190.564,192.412,187.217,2440300
2023-03-10,185.444,187.764,190.187,184.906,2986800
2023-03-13,186.283,184.576,189.904,183.624,3116300
2023-03-14,185.604,188.028,188.678,182.766,3909000
2023-03-15,187.264,184.671,189.018,183.511,3794100
2023-03-16,188.282,186.302,188.669,185.236,3153900
2023-03-17,186.104,188.395,189.819,184.623,7271200
2023-03-20,185.566,185.774,186.604,184.265,2405100
2023-03-21,185.566,187.179,187.434,184.048,2940400
2023-03-22,180.644,185.661,186.226,180.446,3275700
2023-03-23,178.871,181.729,182.087,177.344,3346400
2023-03-24,178.654,177.985,179.418,176.75,2692400
2023-03-27,179.663,179.23,180.993,178.126,2488400
2023-03-28,179.305,179.597,181.465,178.805,1872300
2023-03-29,180.993,180.059,181.04,179.164,2436300
2023-03-30,181.663,183.011,184.067,181.332,2157000
2023-03-31,188.565,183.02,188.81,182.605,3151600
2023-04-03,192.356,189.602,192.582,189.508,3471100
2023-04-04,191.422,191.894,192.629,189.301,2500100
2023-04-05,188.056,191.432,191.752,187.32,2417800
2023-04-06,187.245,186.821,188.103,184.35,2403300
2023-04-10,188.386,186.33,189.697,185.02,2387500
2023-04-11,189.857,189.527,191.366,189.31,2459000
2023-04-12,188.376,191.799,193.035,188.037,2665400
2023-04-13,189.98,188.376,190.328,185.048,2778700
2023-04-14,190.649,190.027,192.252,189.631,2028300
2023-04-17,193.308,190.951,193.336,190.866,2420000
2023-04-18,196.231,194.515,196.731,194.015,2685200
2023-04-19,196.92,195.354,197.127,194.496,2488700
2023-04-20,197.797,196.59,200.258,196.561,2948800
2023-04-21,199.004,199.287,200.38,198.032,2864000
2023-04-24,199.004,198.306,199.937,198.108,2758700
2023-04-25,195.109,199.951,200.188,195.014,2723700
2023-04-26,190.295,194.739,194.948,189.631,3409000
2023-04-27,193.829,190.133,194.114,190.133,2498900
2023-04-28,196.957,193.896,197.004,193.649,2451900
2023-05-01,197.326,196.957,197.99,196.303,2282100
2023-05-02,195.194,197.592,197.592,192.607,2201800
2023-05-03,194.569,195.583,199.316,194.417,2386600
2023-05-04,192.19,194.502,195.82,190.74,2375800
2023-05-05,195.042,193.374,195.715,192.673,2495600
2023-05-08,193.374,194.843,195.336,192.408,1586500
2023-05-09,196.284,193.422,196.341,192.607,2249900
2023-05-10,193.63,197.07,197.838,191.413,2715600
2023-05-11,192.664,193.327,193.744,191.28,3015600
2023-05-12,192.626,192.683,193.801,190.73,2261700
2023-05-15,191.005,191.858,192.332,188.92,2971500
2023-05-16,188.797,186.191,189.508,183.462,4683500
2023-05-17,196.36,188.939,196.578,188.352,3755900
2023-05-18,198.217,196.644,198.312,194.749,2275300
2023-05-19,195.478,197.44,197.62,194.218,2768400
2023-05-22,192.522,195.886,197.468,192.294,3537000
2023-05-23,195.838,192.218,198.776,191.849,6507500
2023-05-24,192.976,195.933,197.99,191.526,2829800
2023-05-25,190.522,192.379,193.337,190.389,3030400
2023-05-26,195.715,191.489,195.962,190.693,3072700
2023-05-30,194.938,196.17,196.587,193.119,2534100
2023-05-31,190.607,193.441,193.441,189.063,3894600
2023-06-01,193.251,190.446,194.028,187.148,2764800
2023-06-02,198.833,194.749,199.297,194.749,2834600
2023-06-05,195.962,197.402,197.686,195.478,2345700
2023-06-06,196.322,195.734,197.592,194.872,2804900
2023-06-07,200.16,197.118,200.766,197.118,3334600
2023-06-08,199.449,200.766,202.605,199.26,2409700
2023-06-09,198.179,200.207,200.425,197.848,2092700
2023-06-12,202.197,199.203,202.662,198.255,2465100
2023-06-13,205.979,203.752,206.102,202.889,3056100
2023-06-14,203.619,205.448,206.86,202.567,3080300
2023-06-15,207.476,204.51,208.111,204.5,3187000
2023-06-16,205.723,207.865,208.007,205.505,6874300
2023-06-20,204.188,204.538,205.41,203.202,3058300
2023-06-21,203.041,204.358,204.519,202.671,3364400
2023-06-22,203.581,202.605,204.102,200.548,2780900
2023-06-23,203.96,202.728,205.078,201.951,3997300
2023-06-26,206.557,204.661,207.571,204.282,2498900
2023-06-27,211.864,207.533,212.271,207.533,4223500
2023-06-28,210.878,210.622,212.423,209.959,3372600
2023-06-29,211.162,211.551,212.101,210.215,3058200
2023-06-30,213.892,212.376,214.64,211.883,3633300
2023-07-03,212.84,212.868,214.223,211.797,1498400
2023-07-05,213.693,212.669,215.076,212.394,2876400
2023-07-06,209.836,211.144,211.864,209.703,3011500
2023-07-07,210.329,209.485,212.186,209.182,2345400
2023-07-10,217.133,211.447,217.171,211.219,2536100
2023-07-11,217.427,219.17,219.17,216.886,2219700
2023-07-12,219.966,219.625,222.772,219.009,2256000
2023-07-13,217.531,220.402,221.056,216.488,1882800
2023-07-14,216.773,217.919,218.782,216.536,1535900
2023-07-17,216.043,216.744,218.062,215.361,1951500
2023-07-18,217.882,215.835,219.028,214.697,1858100
2023-07-19,218.81,217.588,220.08,217.474,1649600
2023-07-20,218.905,219.275,219.275,216.469,1959700
2023-07-21,221.549,220.289,222.724,219.597,3348400
2023-07-24,221.758,221.947,223.473,221.36,2019000
2023-07-25,222.748,221.262,223.176,220.129,1547800
2023-07-26,222.872,222.519,223.909,221.691,1720100
2023-07-27,223.662,224.785,225.861,223.186,1972800
2023-07-28,223.843,225.623,225.852,223.233,1767300
2023-07-31,223.062,223.833,224.652,221.596,2614800
2023-08-01,221.234,221.796,223.729,221.005,2029300
2023-08-02,218.511,218.768,220.853,218.311,2298100
2023-08-03,215.873,217.92,218.235,215.711,2436000
2023-08-04,212.445,213.283,215.388,211.779,2549600
2023-08-07,212.617,213.474,214.274,211.96,1902500
2023-08-08,210.341,209.475,210.798,207.018,2152100
2023-08-09,209.132,210.027,210.579,208.046,2061300
2023-08-10,210.294,210.874,212.569,208.722,1815500
2023-08-11,212.988,210.446,214.426,210.027,2356300
2023-08-14,215.083,213.636,215.635,212.95,2927400
2023-08-15,213.131,212.836,215.911,212.579,2079000
2023-08-16,211.522,214.036,216.007,211.484,1403500
2023-08-17,207.713,212.55,213.16,207.304,1791100
2023-08-18,208.856,207.056,209.427,206.228,2250500
2023-08-21,207.18,208.161,210.065,205.904,2804800
2023-08-22,214.94,211.436,216.416,210.646,4083500
2023-08-23,216.321,215.15,216.616,214.083,2390700
2023-08-24,212.303,215.94,217.987,212.293,1994800
2023-08-25,212.398,213.102,215.34,211.141,1805000
2023-08-28,212.065,213.274,214.788,210.808,1726100
2023-08-29,215.578,212.084,215.845,212.017,1800600
2023-08-30,219.291,216.616,219.806,216.311,2839600
2023-08-31,219.453,219.806,220.739,219.311,3433100
2023-09-01,221.386,221.186,222.776,220.882,2562000
2023-09-05,219.406,222.367,222.462,218.939,2569200
2023-09-06,218.625,219.225,220.129,217.835,2123900
2023-09-07,222.434,219.139,223.157,219.139,2576600
2023-09-08,220.225,221.596,222.091,219.644,2166300
2023-09-11,220.815,221.558,222.443,220.31,1657900
2023-09-12,219.415,220.691,222.662,219.358,2192600
2023-09-13,217.873,218.53,219.891,217.225,2769400
2023-09-14,219.825,219.092,220.167,217.568,2621700
2023-09-15,209.494,217.435,217.435,209.103,9188500
2023-09-18,207.304,209.56,211.189,206.818,3447200
2023-09-19,207.094,206.076,207.561,203.962,3449600
2023-09-20,204.628,207.885,208.751,204.124,2490000
2023-09-21,200.534,202.819,203.457,200.125,2959600
2023-09-22,200.42,199.515,201.124,199.22,2940100
2023-09-25,202.334,200.305,202.676,199.963,3971600
2023-09-26,198.563,200.81,201.581,198.201,2782400
2023-09-27,197.059,199.077,200.201,196.402,2860000
2023-09-28,197.839,196.935,200.324,196.43,2379000
2023-09-29,197.896,198.801,200.315,197.382,2304800
2023-10-02,195.897,197.458,198.506,195.05,2264900
2023-10-03,190.584,195.088,195.202,189.203,3532500
2023-10-04,190.041,190.746,191.527,188.975,2569500
2023-10-05,190.241,189.337,190.479,188.08,2233600
2023-10-06,189.994,188.537,192.374,188.108,2250800
2023-10-09,191.136,188.165,191.355,187.061,1649600
2023-10-10,193.05,191.631,194.059,190.689,2209700
2023-10-11,193.564,194.04,194.364,191.327,2178900
2023-10-12,187.48,193.574,193.764,187.356,2488500
2023-10-13,186.385,187.594,188.48,185.452,2220300
2023-10-16,188.765,187.956,189.717,186.842,2139900
2023-10-17,188.67,188.032,189.356,187.547,1698900
2023-10-18,184.204,186.975,186.975,184.138,2694700
2023-10-19,181.348,184.29,184.566,180.739,2944200
2023-10-20,181.386,181.091,182.586,179.663,2776100
2023-10-23,179.367,181.3,182.424,178.939,2322100
2023-10-24,178.371,180.21,181.187,177.213,2107500
2023-10-25,178.228,177.711,179.358,176.858,2406200
2023-10-26,176.925,179.051,180.546,176.705,2855500
2023-10-27,175.862,177.05,177.615,174.167,2371400
2023-10-30,179.789,176.992,180.421,176.025,2683200
2023-10-31,182.518,180.507,183.007,179.837,3181200
2023-11-01,183.208,183.103,184.08,180.727,3070100
2023-11-02,186.11,185.545,188.351,185.238,2220100
2023-11-03,186.704,186.656,188.888,185.689,2755300
2023-11-06,186.024,186.33,187.528,185.114,1920400
2023-11-07,186.359,186.053,186.953,185.248,2150300
2023-11-08,186.455,186.608,188.552,184.731,3077500
2023-11-09,182.442,184.175,186.656,182.346,3271000
2023-11-10,186.378,182.863,186.608,181.063,2381500
2023-11-13,185.65,184.846,186.215,183.984,3155700
2023-11-14,193.695,194.854,196.138,190.803,4237600
2023-11-15,196.195,193.887,197.546,193.877,2848500
2023-11-16,193.734,195.314,197.0,192.364,2705700
2023-11-17,195.094,194.701,195.544,193.705,2216300
2023-11-20,195.802,194.902,196.339,194.51,3159700
2023-11-21,189.692,189.175,193.217,188.313,5880600
2023-11-22,190.094,190.104,191.263,188.399,3232400
2023-11-24,190.659,189.635,190.985,187.939,1322200
2023-11-27,191.378,189.999,192.45,189.491,2345700
2023-11-28,191.598,191.109,192.517,189.615,2651100
2023-11-29,191.473,192.575,193.15,191.224,2119000
2023-11-30,190.43,191.722,191.761,188.026,3812100
2023-12-01,195.304,190.784,195.726,190.133,2965600
2023-12-04,198.781,195.142,199.95,195.113,3429700
2023-12-05,197.22,197.019,198.12,195.237,2552100
2023-12-06,199.883,198.254,200.898,198.254,2595400
2023-12-07,199.499,200.141,200.333,198.637,3069300
2023-12-08,199.049,199.27,199.653,197.469,2210400
2023-12-11,197.622,199.423,200.333,197.593,3390100
2023-12-12,199.883,198.072,200.036,197.143,3552100
2023-12-13,206.347,199.95,206.453,197.373,5170100
2023-12-14,216.011,211.107,216.394,210.743,7636600
2023-12-15,216.059,215.8,217.409,214.316,9581200
2023-12-18,214.594,216.634,217.409,214.067,3132400
2023-12-19,215.896,215.139,216.768,215.025,3101100
2023-12-20,212.63,213.08,215.235,211.893,3727300
2023-12-21,214.105,214.335,214.957,212.841,2640200
2023-12-22,213.578,214.574,215.57,212.611,2368800
2023-12-26,213.406,213.483,214.249,213.224,1656400
2023-12-27,213.473,213.119,213.923,212.352,1449300
2023-12-28,213.483,213.971,213.981,212.592,1543400
2023-12-29,213.147,213.521,214.517,211.605,2631400
2024-01-02,209.412,210.945,213.195,209.23,3277800
2024-01-03,203.302,207.228,207.736,203.168,3285400
2024-01-04,202.296,202.947,204.317,202.172,2487000
2024-01-05,203.532,201.721,205.275,201.53,2577900
2024-01-08,207.966,204.135,208.234,203.656,2462700
2024-01-09,207.841,206.29,208.339,206.232,2025000
2024-01-10,210.906,208.55,211.241,208.454,2311300
2024-01-11,210.858,210.82,211.529,208.924,1864800
2024-01-12,209.661,210.954,211.72,208.866,1603900
2024-01-16,211.117,209.805,211.28,208.502,2594400
2024-01-17,208.838,209.728,211.663,207.334,2824000
2024-01-18,209.01,209.747,210.916,206.711,3121900
2024-01-19,210.715,209.345,212.199,207.698,2851900
2024-01-22,210.571,208.608,211.059,207.133,2540800
2024-01-23,206.442,210.571,210.571,205.835,2375900
2024-01-24,202.668,207.106,207.241,202.524,3514800
2024-01-25,204.141,203.65,204.757,201.706,2892100
2024-01-26,204.045,204.372,205.036,202.89,1912600
2024-01-29,203.91,203.852,204.738,201.956,2194700
2024-01-30,206.49,202.976,208.27,202.235,2742500
2024-01-31,204.873,207.058,208.473,204.747,3429300
2024-02-01,211.986,205.046,212.304,204.42,3265400
2024-02-02,211.274,209.397,212.669,204.555,3304900
2024-02-05,209.849,209.195,210.157,206.836,2303700
2024-02-06,209.955,209.647,211.688,208.126,2147500
2024-02-07,213.391,211.11,214.027,210.687,3303000
2024-02-08,212.14,213.69,215.22,211.043,1909700
2024-02-09,213.94,212.544,213.988,210.966,1359100
2024-02-12,221.256,217.896,222.295,217.424,3258400
2024-02-13,216.991,216.51,219.282,215.278,3388600
2024-02-14,218.435,217.54,218.666,214.527,2002100
2024-02-15,219.783,219.224,220.052,217.915,1925100
2024-02-16,218.358,218.762,220.37,216.934,2388400
2024-02-20,217.068,214.643,217.954,213.468,2580100
2024-02-21,219.263,217.261,219.561,216.606,1700000
2024-02-22,221.881,219.773,222.632,219.109,2115700
2024-02-23,223.854,222.786,224.365,222.507,2112600
2024-02-26,222.661,224.259,225.462,222.334,2928000
2024-02-27,226.578,223.729,230.525,221.41,5076700
2024-02-28,229.861,229.091,232.402,228.465,3288600
2024-02-29,231.661,230.024,232.354,229.62,3107400
2024-03-01,235.53,231.276,235.915,230.785,2712300
2024-03-04,233.037,235.078,236.108,232.97,2321500
2024-03-05,231.805,232.71,233.933,231.122,2514600
2024-03-06,232.094,232.296,233.393,230.881,2367600
2024-03-07,232.672,233.066,235.011,232.383,1792900
2024-03-08,232.893,232.566,234.857,232.469,1502900
2024-03-11,231.94,232.286,233.095,229.976,2058900
2024-03-12,234.154,232.643,235.319,232.084,2095300
2024-03-13,238.149,235.097,239.246,235.097,2238000
2024-03-14,235.473,237.427,238.524,233.413,2492700
2024-03-15,235.569,235.088,237.995,234.491,5692800
2024-03-18,234.366,236.503,237.109,233.913,2480900
2024-03-19,238.736,235.347,238.909,235.319,2408400
2024-03-20,242.528,239.236,242.971,238.158,1882600
2024-03-21,251.23,243.491,251.557,243.481,3418500
2024-03-22,248.823,251.355,252.664,248.698,2493200
2024-03-25,244.492,249.035,249.747,244.232,2024600
2024-03-26,242.008,243.982,245.493,241.874,3048900
2024-03-27,243.847,242.923,243.876,241.835,2351900
2024-03-28,245.195,243.346,245.734,241.585,2631200
2024-04-01,239.949,243.866,245.762,239.217,2363000
2024-04-02,235.299,237.061,237.773,234.366,2819700
2024-04-03,231.69,232.036,235.001,231.488,3144500
2024-04-04,229.1,234.443,236.166,228.908,2343600
2024-04-05,230.361,229.091,231.43,228.927,1680700
2024-04-08,233.509,229.341,233.634,229.062,2389200
2024-04-09,235.242,234.664,235.646,231.863,2126100
2024-04-10,228.282,229.226,230.332,226.27,2955100
2024-04-11,226.627,230.053,231.295,224.461,2494600
2024-04-12,223.363,224.634,225.163,222.103,2117400
2024-04-15,221.4,225.972,226.059,220.591,1933100
2024-04-16,219.802,220.36,221.246,218.811,2201000
2024-04-17,220.293,221.621,222.247,218.734,1982300
2024-04-18,220.226,221.265,223.595,219.032,1993100
2024-04-19,221.621,220.899,223.421,220.322,2112200
2024-04-22,222.574,223.055,224.316,220.967,1872800
2024-04-23,225.892,223.638,226.52,222.661,2189900
2024-04-24,222.729,224.576,224.741,221.317,1485100
2024-04-25,222.41,220.292,223.077,217.303,1996800
2024-04-26,222.323,222.419,225.582,222.178,2001200
2024-04-29,223.358,222.458,224.238,222.294,1527300
2024-04-30,220.504,222.448,223.686,220.214,2435200
2024-05-01,220.05,219.905,223.406,218.067,1713900
2024-05-02,222.042,222.574,222.671,218.947,1672800
2024-05-03,224.509,225.93,230.331,224.363,1834700
2024-05-06,224.093,227.12,227.236,223.599,1714000
2024-05-07,223.861,224.828,227.12,223.628,1912500
2024-05-08,224.451,222.042,225.36,221.481,1689200
2024-05-09,228.377,224.46,229.18,224.46,1652700
2024-05-10,227.313,228.029,229.547,226.733,1336700
2024-05-13,225.331,228.542,229.103,224.083,1983700
2024-05-14,223.977,225.215,227.429,222.313,2763200
2024-05-15,228.329,227.362,229.528,227.12,2103600
2024-05-16,224.634,226.665,227.265,224.112,1847300
2024-05-17,223.522,225.031,225.398,222.594,1968800
2024-05-20,221.646,222.652,223.493,220.746,2684400
2024-05-21,217.477,224.189,224.189,214.14,5397700
2024-05-22,213.87,216.8,218.028,212.98,2769800
2024-05-23,210.34,214.479,214.566,209.701,2636600
2024-05-24,208.144,210.591,211.104,207.699,2632200
2024-05-28,208.299,207.728,209.682,206.945,3072400
2024-05-29,207.235,206.616,207.573,205.794,2359800
2024-05-30,208.386,208.241,209.634,206.423,2778100
2024-05-31,214.024,209.392,214.15,208.937,4598400
2024-06-03,209.614,212.477,213.763,208.908,2480500
2024-06-04,209.421,208.231,211.162,208.047,2291200
2024-06-05,212.264,209.672,212.438,208.676,1727900
2024-06-06,211.278,212.032,212.97,210.833,2033900
2024-06-07,209.556,209.189,211.065,207.699,1602400
2024-06-10,210.939,209.343,211.22,209.005,1851500
2024-06-11,211.181,210.688,211.355,207.951,1910100
2024-06-12,217.632,214.537,219.537,214.537,3609500
2024-06-13,219.412,218.551,219.934,216.046,2116600
2024-06-14,216.017,217.429,218.338,214.15,1936600
2024-06-17,219.325,215.059,219.769,214.334,1700800
2024-06-18,220.292,220.04,221.675,219.499,2072900
2024-06-20,220.06,219.354,220.872,217.709,2377800
2024-06-21,221.085,220.205,222.545,219.112,3627300
2024-06-24,220.891,221.249,222.458,220.272,3463000
2024-06-25,210.117,219.354,219.605,209.856,3892000
2024-06-26,211.597,209.353,211.964,208.782,2601200
2024-06-27,212.583,212.342,213.086,210.92,2654600
2024-06-28,213.222,212.941,214.286,211.2,12630400
2024-07-01,206.548,212.235,213.26,206.471,2569200
2024-07-02,206.684,205.707,207.796,204.846,2173700
2024-07-03,206.297,208.744,209.875,206.055,1423500
2024-07-05,206.867,205.707,207.786,205.552,1907400
2024-07-08,210.02,207.941,211.133,207.738,2947500
2024-07-09,209.227,208.879,210.059,208.144,2571700
2024-07-10,213.493,210.427,213.657,209.769,2007000
2024-07-11,222.207,218.203,222.429,216.201,3006900
2024-07-12,226.395,223.532,230.244,222.777,3180600
2024-07-15,224.547,226.317,227.371,223.058,2074600
2024-07-16,233.058,225.176,233.097,224.48,2356500
2024-07-17,235.06,231.588,237.565,229.934,3958800
2024-07-18,231.511,234.006,238.861,230.099,2606700
2024-07-19,230.689,231.54,233.116,230.041,2739300
2024-07-22,232.381,231.588,233.474,228.803,2308500
2024-07-23,230.486,233.174,234.035,229.722,2211000
2024-07-24,225.15,229.835,232.361,224.936,2756800
2024-07-25,228.163,225.296,231.963,224.538,2142600
2024-07-26,232.148,229.601,235.695,229.426,1942500
2024-07-29,233.051,231.564,234.198,230.651,2082300
2024-07-30,234.606,233.43,235.559,231.594,1782500
2024-07-31,238.601,235.811,241.983,234.451,3054700
2024-08-01,234.567,239.883,241.283,232.293,2022800
2024-08-02,233.654,231.564,233.751,228.581,2258800
2024-08-05,230.35,229.679,234.208,226.19,3058000
2024-08-06,233.877,229.038,237.337,229.038,2319500
2024-08-07,225.072,234.898,236.492,224.596,3355400
2024-08-08,229.679,225.656,230.145,224.499,2084300
2024-08-09,229.193,229.144,231.059,227.706,1675500
2024-08-12,224.567,228.143,228.143,222.925,2592300
2024-08-13,229.543,222.361,230.126,221.224,2860800
2024-08-14,230.952,229.193,232.906,229.164,2098500
2024-08-15,233.304,235.462,236.103,231.555,3029400
2024-08-16,234.363,233.664,235.345,232.41,1725700
2024-08-19,236.365,235.442,236.686,233.391,2708600
2024-08-20,233.566,233.246,238.951,231.934,3910400
2024-08-21,235.549,234.704,235.87,233.1,2676500
2024-08-22,233.547,236.161,236.472,232.944,1979900
2024-08-23,243.032,234.849,244.16,234.062,2685400
2024-08-26,243.45,244.791,246.074,243.081,2790500
2024-08-27,241.575,242.828,242.896,240.661,1772500
2024-08-28,241.934,241.487,243.382,239.971,1372000
2024-08-29,239.825,242.964,243.693,239.456,1612900
2024-08-30,241.506,240.875,242.051,238.494,2586900
2024-09-03,238.552,240.243,242.42,236.764,2460200
2024-09-04,238.542,237.969,238.921,235.287,2094700
2024-09-05,237.24,239.417,239.417,234.791,2083100
2024-09-06,236.948,237.959,240.496,236.297,1889700
2024-09-09,237.843,238.348,238.824,235.52,1823000
2024-09-10,240.418,237.59,241.39,235.782,2112900
2024-09-11,240.418,238.163,240.865,233.246,1841500
2024-09-12,244.957,241.594,245.102,240.554,2222400
2024-09-13,248.222,245.87,250.166,245.501,2118100
2024-09-16,249.417,249.816,250.865,247.066,1591300
2024-09-17,249.495,249.174,252.187,248.795,1343500
2024-09-18,249.408,249.894,254.597,248.358,1625200
2024-09-19,253.655,253.548,254.899,252.246,2261300
2024-09-20,252.819,251.983,254.189,250.691,4470300
2024-09-23,254.908,253.46,255.074,251.011,2131000
2024-09-24,258.553,257.863,260.545,256.036,3414100
2024-09-25,257.513,258.66,259.097,256.493,1815500
2024-09-26,258.135,258.65,259.223,251.993,2254500
2024-09-27,259.622,260.215,261.148,258.261,1852300
2024-09-30,263.227,260.876,263.636,259.554,2032800
2024-10-01,264.967,262.411,266.444,260.672,2552400
2024-10-02,264.209,264.131,265.22,263.13,2244200
2024-10-03,262.605,263.84,264.637,261.06,1634600
2024-10-04,260.224,262.401,262.848,255.754,2245600
2024-10-07,260.982,257.688,262.314,256.172,2302100
2024-10-08,265.579,262.868,266.542,262.217,1947900
2024-10-09,269.379,270.274,270.274,265.589,2431000
2024-10-10,265.521,265.142,267.309,263.364,1714400
2024-10-11,267.999,266.299,268.942,266.299,1303600
2024-10-14,272.829,267.931,273.481,267.756,1760300
2024-10-15,273.898,273.986,278.933,273.451,2369100
2024-10-16,276.056,273.179,276.396,272.907,1754900
2024-10-17,273.393,276.007,277.212,273.102,1574200
2024-10-18,273.714,273.869,274.433,271.236,2031100
2024-10-21,269.049,272.684,274.744,267.912,2438300
2024-10-22,264.559,264.365,265.725,260.623,3102500
2024-10-23,263.622,264.159,266.062,262.773,2109400
2024-10-24,264.842,264.198,265.837,263.31,2025900
2024-10-25,261.211,263.973,264.666,259.864,1788000
2024-10-28,261.533,263.71,264.676,261.172,2140300
2024-10-29,256.654,256.878,258.703,254.262,2311100
2024-10-30,255.111,256.224,259.064,253.96,2356300
2024-10-31,255.541,255.121,257.21,254.692,2950700
2024-11-01,255.648,259.172,260.362,255.287,2262400
2024-11-04,258.615,256.107,261.143,256.078,1741700
2024-11-05,262.714,257.717,262.802,257.717,1562500
2024-11-06,255.443,259.757,259.757,251.071,4439300
2024-11-07,259.904,256.478,260.723,256.195,1972500
2024-11-08,264.588,262.519,265.369,261.475,2102400
2024-11-11,267.916,266.97,269.663,265.75,2252100
2024-11-12,263.417,269.127,270.122,262.968,2634600
2024-11-13,265.779,266.169,267.711,264.315,1819900
2024-11-14,263.856,266.111,266.823,263.329,2324000
2024-11-15,262.929,263.417,265.418,262.012,2264000
2024-11-18,265.242,261.982,267.048,260.909,2600600
2024-11-19,253.033,256.771,258.625,252.252,4214000
2024-11-20,256.712,253.072,257.327,252.73,2864200
2024-11-21,258.849,257.717,259.308,255.961,1844800
2024-11-22,258.322,259.718,260.499,256.605,2410900
2024-11-25,268.707,262.48,269.0,262.041,3691700
2024-11-26,267.877,268.033,268.18,264.461,2422300
2024-11-27,266.628,268.541,269.751,266.013,2263800
2024-11-29,265.886,266.16,267.585,265.398,1526400
2024-12-02,265.515,266.872,267.223,262.978,2202700
2024-12-03,267.799,266.365,268.814,263.456,2459100
2024-12-04,265.73,265.877,267.536,263.768,2081000
2024-12-05,263.583,265.106,266.277,263.066,1959800
2024-12-06,266.862,265.359,270.278,264.618,1745700
2024-12-09,267.565,267.419,273.899,266.16,2647000
2024-12-10,263.622,265.935,266.374,262.138,2214700
2024-12-11,261.465,264.842,266.784,260.821,3297100
2024-12-12,257.171,261.875,261.943,256.732,2391600
2024-12-13,256.087,256.81,258.391,255.775,1999300
2024-12-16,253.852,256.458,257.669,253.706,1964600
2024-12-17,251.559,252.232,253.726,250.163,2402100
2024-12-18,243.81,251.227,253.404,243.644,3084400
2024-12-19,238.647,243.019,244.61,238.276,4159000
2024-12-20,241.77,238.666,243.224,238.139,5693100
2024-12-23,241.428,240.335,241.965,239.34,2079000
2024-12-24,244.21,242.024,244.21,241.262,992100
2024-12-26,243.439,242.277,244.132,241.867,1435200
2024-12-27,242.375,242.385,244.073,241.36,1581100
2024-12-30,240.804,241.945,241.975,238.656,1622800
2024-12-31,240.872,241.311,242.238,239.886,1397900
2025-01-02,241.048,242.307,243.868,239.349,2741000
2025-01-03,242.512,242.16,242.795,240.013,1889200
2025-01-06,243.741,242.765,246.63,241.35,2573400
2025-01-07,240.647,244.122,245.615,240.218,1803500
2025-01-08,240.96,239.545,241.301,237.124,2364900
2025-01-10,241.945,241.067,243.995,238.627,2537800
2025-01-13,242.687,242.121,245.127,240.813,2689700
2025-01-14,245.156,244.005,246.308,243.292,2055100
2025-01-15,250.554,251.637,253.511,249.9,2880600
2025-01-16,252.564,250.632,253.296,249.763,1882300
2025-01-17,254.789,253.716,255.726,252.184,2758500
2025-01-21,258.0,256.683,260.431,256.38,2804400
2025-01-22,252.903,257.363,257.363,252.648,2074100
2025-01-23,256.158,252.707,256.334,252.707,2614300
2025-01-24,257.02,255.746,257.785,254.256,2021600
2025-01-27,263.117,257.932,263.872,257.804,2178700
2025-01-28,259.186,260.99,261.676,258.402,1459100
2025-01-29,256.559,259.961,261.333,256.246,2092400
2025-01-30,258.785,258.441,261.294,257.265,1630400
2025-01-31,254.903,257.099,258.961,254.481,1735100
2025-02-03,251.433,250.982,253.57,247.394,1862000
2025-02-04,252.148,250.894,253.129,250.08,1976300
2025-02-05,253.364,253.795,254.315,249.835,1693300
2025-02-06,251.874,254.971,255.462,250.658,2397400
2025-02-07,246.963,251.746,252.266,246.384,2163600
2025-02-10,251.374,250.276,251.786,247.571,1980600
2025-02-11,251.952,250.943,252.834,250.551,1549900
2025-02-12,245.316,245.796,246.041,241.64,2634000
2025-02-13,247.669,246.669,248.306,245.198,1832100
2025-02-14,246.816,249.472,251.354,246.286,1805900
2025-02-18,245.757,245.522,246.394,243.483,1989400
2025-02-19,241.807,242.365,243.963,240.278,2513300
2025-02-20,241.552,241.317,241.807,239.288,2025700
2025-02-21,234.445,242.493,242.846,234.033,3165000
2025-02-24,232.396,234.122,234.729,231.269,4871400
2025-02-25,237.601,233.298,239.611,233.298,4380900
2025-02-26,242.189,246.953,247.953,236.308,4664300
2025-02-27,240.65,242.199,243.542,240.091,2702100
2025-02-28,243.728,243.267,244.777,239.474,3011000
2025-03-03,241.297,243.767,244.747,238.984,2740900
2025-03-04,235.112,239.778,239.836,234.357,2791800
2025-03-05,238.16,233.298,238.199,233.102,3175800
2025-03-06,238.69,237.043,240.464,235.298,2596500
2025-03-07,237.866,237.278,238.248,233.651,2570600
2025-03-10,237.592,237.709,241.748,236.308,2497500
2025-03-11,228.074,237.043,237.249,227.015,3294600
2025-03-12,223.819,228.407,230.112,221.927,2825500
2025-03-13,218.261,223.231,223.849,215.82,3193600
2025-03-14,220.006,219.908,220.32,216.654,2672300
2025-03-17,221.388,220.555,222.153,218.987,2821300
2025-03-18,218.546,220.428,221.124,218.173,1811800
2025-03-19,221.055,219.379,221.427,218.026,1944100
2025-03-20,221.79,221.084,225.025,219.585,1924200
2025-03-21,222.584,219.908,222.702,216.634,6353400
2025-03-24,228.289,223.868,228.524,223.868,2485100
2025-03-25,226.133,227.721,228.544,223.564,2476800
2025-03-26,227.466,226.24,228.956,226.103,1790500
2025-03-27,227.583,228.142,229.26,226.299,2425000
2025-03-28,223.907,227.897,228.034,222.947,2118300
2025-03-31,228.622,222.261,230.338,222.261,3465700
2025-04-01,229.387,227.809,229.877,225.927,2212800
2025-04-02,230.632,227.554,231.446,227.554,2534400
2025-04-03,218.124,218.389,221.702,216.252,4475000
2025-04-04,218.879,216.291,225.29,214.713,4829800
2025-04-07,212.654,213.742,221.192,207.518,4478000
2025-04-08,207.508,215.673,219.457,203.479,3294400
2025-04-09,218.791,204.675,219.879,202.313,4106200
2025-04-10,216.83,216.595,218.987,209.145,3482500
2025-04-11,215.997,215.017,216.801,209.606,2904000
2025-04-14,219.712,218.516,221.143,216.144,2766100
2025-04-15,216.154,219.575,220.584,214.478,2805200
2025-04-16,210.174,215.017,216.977,209.086,1916400
2025-04-17,214.674,212.733,216.33,211.517,2166900
2025-04-21,208.567,213.37,213.86,206.253,2769700
2025-04-22,214.742,210.557,216.193,210.331,2224000
2025-04-23,214.585,218.891,222.369,213.983,2382500
2025-04-24,218.812,214.585,219.689,213.136,2243200
2025-04-25,217.689,218.97,219.098,215.57,1493700
2025-04-28,217.925,217.285,220.28,216.102,2046700
2025-04-29,220.014,216.112,220.615,216.112,1603900
2025-04-30,220.3,218.694,220.734,215.008,3455500
2025-05-01,219.078,220.231,222.251,217.964,2067800
2025-05-02,223.877,221.246,224.409,220.674,2318800
2025-05-05,221.906,222.714,223.798,220.822,1878300
2025-05-06,219.758,219.896,221.404,218.723,2175700
2025-05-07,220.251,219.699,221.778,218.467,2924000
2025-05-08,221.206,221.295,223.325,219.196,2405700
2025-05-09,219.019,220.418,221.896,218.152,2053800
2025-05-12,229.385,227.631,230.351,226.912,3496600
2025-05-13,227.405,231.711,231.918,226.232,2963100
2025-05-14,225.178,226.153,227.799,224.715,2291000
2025-05-15,229.06,223.877,229.257,223.66,2489200
2025-05-16,230.814,229.208,230.873,228.518,1818200
2025-05-19,231.011,227.001,232.559,226.607,3387000
2025-05-20,227.878,233.544,234.076,226.794,3459500
2025-05-21,224.054,229.307,229.74,221.896,4541600
2025-05-22,220.487,222.783,224.133,219.719,3116700
2025-05-23,217.846,217.689,219.719,217.048,2958400
2025-05-27,222.517,220.044,222.527,218.763,3418200
2025-05-28,221.246,221.719,223.453,221.088,2214500
2025-05-29,221.65,222.251,222.704,218.428,2739400
2025-05-30,222.438,220.645,222.97,219.167,4127300
2025-06-02,222.231,220.822,222.596,218.102,3890400
2025-06-03,225.464,222.606,225.976,221.946,2456200
2025-06-04,225.059,225.335,226.745,224.527,2301100
2025-06-05,224.271,225.582,226.459,223.729,1985100
2025-06-06,221.985,225.473,225.789,221.492,2216900
2025-06-09,220.349,222.399,222.399,219.876,2523400
2025-06-10,221.611,220.783,222.635,218.901,2174400
2025-06-11,218.368,223.335,223.335,217.442,2378000
2025-06-12,220.241,218.369,221.059,216.545,2485900
2025-06-13,214.102,218.024,219.994,213.175,2425900
2025-06-16,212.929,215.176,215.422,211.678,2392500
2025-06-17,208.83,211.914,212.633,208.041,2518600
2025-06-18,207.756,209.46,210.574,207.342,2528400
2025-06-20,209.648,208.573,209.825,207.263,6148400
2025-06-23,215.383,209.687,215.599,208.702,2639500
2025-06-24,216.772,215.806,217.196,214.535,2210000
2025-06-25,217.482,216.299,218.378,215.008,2082900
2025-06-26,218.004,218.024,219.561,216.841,2254700
2025-06-27,220.369,218.191,221.936,218.043,3256700
2025-06-30,218.635,220.802,221.561,216.447,2735300
2025-07-01,225.306,216.319,228.784,215.944,3974500
2025-07-02,223.631,225.789,226.045,222.271,2174300
2025-07-03,224.981,223.67,225.197,220.773,1777900
2025-07-07,221.709,224.419,224.941,219.403,2740500
2025-07-08,220.408,220.783,223.522,220.142,2672000
2025-07-09,222.281,220.931,222.369,218.871,2339400
2025-07-10,224.586,221.482,227.001,221.226,2417100
2025-07-11,220.862,222.29,223.404,220.182,1840100
2025-07-14,219.157,220.014,220.911,216.595,2767000
2025-07-15,211.875,219.758,219.807,211.776,2947200
2025-07-16,213.441,212.357,213.491,209.46,3604400
2025-07-17,215.393,213.195,215.836,212.702,2474000
2025-07-18,215.964,216.112,216.644,214.387,2399100
2025-07-21,217.689,216.821,219.492,216.417,2904400
2025-07-22,223.522,219.403,223.926,218.27,2880000
2025-07-23,226.474,224.562,226.851,223.661,2337000
2025-07-24,223.453,225.93,227.336,223.403,2083500
2025-07-25,224.681,224.384,225.206,222.987,2053500
2025-07-28,227.842,224.632,229.684,223.393,3302200
2025-07-29,227.891,228.178,228.684,226.019,1852900
2025-07-30,225.305,228.099,228.971,223.413,2047400
2025-07-31,221.481,223.79,226.187,220.897,2778400
2025-08-01,224.285,221.422,226.019,219.688,3400900
2025-08-04,231.626,224.295,232.359,224.166,3871300
2025-08-05,235.242,232.2,236.064,231.943,3107000
2025-08-06,236.064,235.341,237.471,234.36,2448700
2025-08-07,236.331,237.758,239.006,234.4,1948300
2025-08-08,238.897,236.866,239.878,236.074,2746100
2025-08-11,237.609,239.294,240.898,235.588,2689500
2025-08-12,242.583,239.68,243.068,238.689,2973200
2025-08-13,253.935,245.188,256.085,244.425,6030300
2025-08-14,250.686,249.656,251.409,249.22,3635000
2025-08-15,249.705,251.796,251.796,247.1,3026800
2025-08-18,248.546,249.349,250.637,248.13,2977000
2025-08-19,253.965,252.38,255.966,252.38,4702600
2025-08-20,254.738,262.921,265.021,254.054,5226000
2025-08-21,253.262,253.688,256.254,251.944,2697300
2025-08-22,261.266,254.946,263.02,252.261,3796400
2025-08-25,256.452,259.612,260.196,256.333,2336700
2025-08-26,255.917,256.055,256.343,253.747,2865300
2025-08-27,256.254,256.422,258.205,255.669,2148700
2025-08-28,255.134,256.779,257.016,253.301,1779100
2025-08-29,255.649,255.362,256.392,253.569,2177600
2025-09-02,256.323,254.054,256.59,253.222,1783700
2025-09-03,258.245,255.045,258.948,254.599,2002400
2025-09-04,262.098,260.583,262.237,259.027,2258700
2025-09-05,267.448,264.872,268.151,262.752,4488200
2025-09-08,270.47,266.695,270.668,266.17,4464800
2025-09-09,266.517,269.736,269.736,265.1,3120500
2025-09-10,264.06,265.903,266.487,262.604,1918300
2025-09-11,269.855,265.338,270.856,264.714,2253400
2025-09-12,269.291,267.537,270.053,267.012,2906300
2025-09-15,269.548,268.944,270.103,266.586,2648100
2025-09-16,267.993,270.38,270.717,266.893,1940700
2025-09-17,265.447,270.053,272.411,264.367,2854600
2025-09-18,265.07,266.556,268.042,264.991,2301700
2025-09-19,262.723,265.031,265.13,262.633,4079000
2025-09-22,257.958,262.524,262.931,257.928,3435300
2025-09-23,257.383,257.135,258.344,254.847,2972900
2025-09-24,254.926,255.877,257.086,253.945,3156000
2025-09-25,253.143,252.539,255.025,251.796,2877900
2025-09-26,254.718,253.222,255.283,251.825,1923600
2025-09-29,250.954,254.728,254.926,248.388,3282100
2025-09-30,248.962,250.448,251.231,247.298,3114400
2025-10-01,245.673,248.764,248.913,244.158,3106500
2025-10-02,245.02,244.326,246.674,244.049,1951900
2025-10-03,244.049,244.257,245.416,243.236,2023600
2025-10-06,239.412,243.821,244.187,238.283,3307700
2025-10-07,237.649,238.858,239.085,235.727,2597400
2025-10-08,235.371,237.174,237.174,235.024,1995600
2025-10-09,232.478,235.38,235.737,232.29,2284800
2025-10-10,230.051,233.151,233.924,229.446,2158600
2025-10-13,232.29,230.823,233.776,230.467,3072000
2025-10-14,238.501,231.735,239.482,231.051,3130200
2025-10-15,239.274,239.254,243.781,238.273,2569500
2025-10-16,240.829,240.076,240.928,238.194,2258700
2025-10-17,242.414,240.938,242.929,240.938,2549600
2025-10-20,240.007,242.691,243.801,239.997,2110500
2025-10-21,242.979,239.62,244.693,238.749,2056200
2025-10-22,242.441,243.188,245.04,241.436,2508200
2025-10-23,242.78,241.028,243.686,238.917,2234800
2025-10-24,241.625,244.243,244.93,241.625,1804000
2025-10-27,242.561,242.362,243.377,240.659,1939300
2025-10-28,242.979,241.177,245.527,241.008,1612900
2025-10-29,237.424,241.416,242.481,235.811,3121400
2025-10-30,238.748,237.006,242.232,235.95,2076700
2025-10-31,237.065,237.016,238.27,235.393,2404700
2025-11-03,234.586,235.353,236.259,231.938,2333700
2025-11-04,236.697,234.467,236.946,232.426,2632600
2025-11-05,233.302,235.492,237.065,230.584,2749600
2025-11-06,230.316,232.038,233.919,230.087,3272700
2025-11-07,232.118,230.803,233.133,230.087,3053800
2025-11-10,231.988,231.57,233.063,228.155,2588000
2025-11-11,234.288,232.705,235.801,232.635,1968100
2025-11-12,233.651,233.342,235.652,231.839,2587500
2025-11-13,230.435,233.402,235.592,229.878,3109000
2025-11-14,226.831,229.24,231.102,225.955,2691900
2025-11-17,223.994,226.184,227.747,223.954,4411500
2025-11-18,218.588,218.071,222.72,217.822,6260400
2025-11-19,227.389,228.982,231.928,223.257,7728900
2025-11-20,227.409,227.06,229.42,224.771,4769200
2025-11-21,233.242,229.509,235.502,227.936,6090000
2025-11-24,227.737,232.954,233.412,227.707,4212600
2025-11-25,237.035,229.688,237.842,229.26,3330300
2025-11-26,240.53,236.438,241.963,235.592,2303300
2025-11-28,241.396,240.51,241.943,239.723,1289900
2025-12-01,245.288,240.918,248.325,240.181,4083100
2025-12-02,242.083,245.209,246.115,241.515,3886100
2025-12-03,245.836,242.093,246.881,242.093,3275600
2025-12-04,245.069,245.497,247.05,243.905,4092800
2025-12-05,247.359,245.049,247.568,244.562,2642100
2025-12-08,243.725,246.005,246.991,243.725,3935000
2025-12-09,241.585,242.72,244.88,239.813,2865500
2025-12-10,245.099,241.724,247.329,241.296,4778900
2025-12-11,246.971,247.518,250.764,246.403,2832100
2025-12-12,246.184,248.036,249.609,244.83,2046900
2025-12-15,247.668,246.632,248.325,242.77,3108400
2025-12-16,245.368,249.091,249.848,244.94,2692000
2025-12-17,246.851,244.9,248.494,243.984,2030600
2025-12-18,246.603,249.639,252.904,246.354,2553400
2025-12-19,239.365,245.935,246.025,239.255,5458200
2025-12-22,240.988,239.504,241.665,238.559,1776600
2025-12-23,241.067,240.42,241.127,238.469,1863800
2025-12-24,241.914,240.669,242.889,240.261,787900
2025-12-26,243.397,241.645,243.616,241.217,1179700
2025-12-29,242.74,244.014,244.263,241.545,1597100
2025-12-30,242.093,241.555,242.551,239.962,1371400
